Label,Left_Hip_q,Right_Hip_q,Left_Hip_qd,Right_Hip_qd,SampleTimeFine,Unnamed: 6,Unnamed: 7,Unnamed: 8,30
usq,-18.8511199951171,-43.2984199523925,2.22233343124389,-3.68484210968017,3031823023,,,,
usq,-20.6319351196289,-44.9327011108398,2.5723374824708585,-3.975058460607635,3031839690,,,,
usq,-22.6405143737793,-46.3481941223144,2.532662674567258,-3.8413546733415918,3031856357,,,,
usq,-24.8094673156738,-47.9577674865722,2.4527793224717356,-3.683232038949215,3031873024,,,,
usq,-26.9346389770507,-49.5527610778808,2.3060472896711084,-3.4906238252067032,3031889691,,,,
usq,-28.8694076538085,-50.9015197753906,2.0845953865804017,-3.26931033544803,3031906358,,,,
usq,-30.3744468688964,-51.8589935302734,1.8013694062395311,-3.040633861230887,3031923025,,,,
usq,-31.6948127746582,-52.4623413085937,1.4860467691806902,-2.8359106830604213,3031939692,,,,
usq,-33.1384048461914,-52.9473762512207,1.1760238589757053,-2.687854194735673,3031956359,,,,
usq,-35.0013885498046,-53.5098190307617,0.9055253848571394,-2.6218075029441343,3031973026,,,,
usq,-37.1693420410156,-53.8934631347656,0.6965979231347208,-2.648878187263444,3031989693,,,,
usq,-39.6280059814453,-54.1308555603027,0.5548393408605639,-2.762186365473128,3032006360,,,,
usq,-42.1009063720703,-54.395652770996,0.47073159416489263,-2.936991317028779,3032023027,,,,
usq,-44.2620010375976,-55.0432586669921,0.4255411204141078,-3.1350960089489486,3032039694,,,,
usq,-45.8228683471679,-55.8005142211914,0.3997066814103801,-3.313100456723623,3032056361,,,,
usq,-47.4240570068359,-56.1568756103515,0.3814019581609005,-3.4328984526520423,3032073028,,,,
usq,-48.6027297973632,-55.9978103637695,0.37307616318080294,-3.4718238042932343,3032089695,,,,
usq,-49.456298828125,-55.4461479187011,0.3939845404062476,-3.429459306133157,3032106362,,,,
usq,-49.8843917846679,-54.5881690979003,0.47716262395574205,-3.328634687606809,3032123029,,,,
usq,-49.7179183959961,-53.6305923461914,0.6602806703787568,-3.2097932221601178,3032139696,,,,
usq,-47.9608306884765,-52.9896507263183,0.9715288161737521,-3.1202928358775397,3032156363,,,,
usq,-45.7081985473632,-52.7590293884277,1.413968002154505,-3.1020375869620893,3032173030,,,,
usq,-44.9929046630859,-52.8416175842285,1.953839551220861,-3.1809876894418805,3032189697,,,,
usq,-45.4947128295898,-53.1552658081054,2.5187266464673934,-3.3608470425609025,3032206364,,,,
usq,-46.5251235961914,-53.341869354248,3.0090254131724645,-3.621811893455852,3032223031,,,,
usq,-47.4989624023437,-52.9984664916992,3.3213525705780174,-3.9243579410155403,3032239698,,,,
usq,-48.125244140625,-52.0335540771484,3.3775420366474886,-4.217345034027368,3032256365,,,,
usq,-48.2603530883789,-50.695442199707,3.1501864118170184,-4.448857389333279,3032273032,,,,
usq,-47.8202972412109,-49.4799995422363,2.676210009777341,-4.577383379734215,3032289699,,,,
usq,-46.9083175659179,-48.4948501586914,2.053286768152803,-4.580708623644765,3032306366,,,,
usq,-45.8578262329101,-47.4430427551269,1.4190669676985925,-4.460533751510901,3032323033,,,,
usq,-44.7730026245117,-46.04390335083,0.9186641177836967,-4.242077649502069,3032339700,,,,
usq,-43.4837951660156,-44.1165237426757,0.6696240456850848,-3.9691861960466746,3032356367,,,,
usq,-42.1619873046875,-41.8482627868652,0.7340884781002366,-3.696244482377296,3032373034,,,,
usq,-41.2877883911132,-39.6298713684082,1.1051668668080838,-3.4784186926684244,3032389701,,,,
usq,-40.8121490478515,-37.832893371582,1.7101501392142195,-3.3617460541871402,3032406368,,,,
usq,-40.1061019897461,-36.61181640625,2.4288264778493707,-3.374675381564464,3032423035,,,,
usq,-38.8607101440429,-35.7559280395507,3.1218157687689985,-3.522748583555799,3032439702,,,,
usq,-37.2996215820312,-35.0006065368652,3.6619038366200667,-3.7877410678616905,3032456369,,,,
usq,-35.6264953613281,-34.1777076721191,3.9609670083214676,-4.131525769448116,3032473036,,,,
usq,-33.9626388549804,-33.1405448913574,3.986331740491115,-4.503629480127883,3032489703,,,,
usq,-32.3277854919433,-31.7796039581298,3.763214573335143,-4.850595546415514,3032506370,,,,
usq,-30.6706047058105,-29.9687900543212,3.3636702101441682,-5.125112910294141,3032523037,,,,
usq,-29.2354774475097,-27.791425704956,2.886126147010156,-5.2931938535384475,3032539704,,,,
usq,-28.0862579345703,-25.6475105285644,2.4317598219049548,-5.33821687296014,3032556371,,,,
usq,-27.0434913635253,-24.0146446228027,2.0838705039694987,-5.261337733310489,3032573038,,,,
usq,-25.8871231079101,-22.8835315704345,1.8943440746827984,-5.07861382840188,3032589705,,,,
usq,-24.6232261657714,-21.8285465240478,1.8785415288593774,-4.8160309654680376,3032606372,,,,
usq,-23.1732368469238,-20.5829105377197,2.017740598754772,-4.504125850099572,3032623039,,,,
usq,-21.6385307312011,-19.158462524414,2.267201928106605,-4.173741633677326,3032639706,,,,
usq,-20.1487617492675,-17.7090148925781,2.5677409127720785,-3.8536424534129843,3032656373,,,,
usq,-18.872200012207,-16.4697723388671,2.8586994799877767,-3.569669004274248,3032673040,,,,
usq,-17.9819641113281,-15.5713529586792,3.090052470166981,-3.3444261565392144,3032689707,,,,
usq,-17.443000793457,-14.9007062911987,3.231277905539156,-3.196504039863276,3032706374,,,,
usq,-16.9344635009765,-14.2821254730224,3.275108384452736,-3.138830019557784,3032723041,,,,
usq,-16.2223014831543,-13.6378688812255,3.235587595279254,-3.1764577554197144,3032739708,,,,
usq,-15.3849411010742,-13.0882701873779,3.1415342834404,-3.3044760233975112,3032756375,,,,
usq,-14.6768646240234,-12.7286529541015,3.02774268141225,-3.506709237533289,3032773042,,,,
usq,-14.3030014038085,-12.5794658660888,2.9264813356719586,-3.7557811503278247,3032789709,,,,
usq,-14.2979507446289,-12.6286506652832,2.8611806330801675,-4.015126524079659,3032806376,,,,
usq,-14.5644912719726,-12.895673751831,2.8431281407834086,-4.243442918744746,3032823043,,,,
usq,-15.0672264099121,-13.3571586608886,2.8710367554426495,-4.401485634456911,3032839710,,,,
usq,-15.6672172546386,-13.8883371353149,2.9328329176597205,-4.460037868434575,3032856377,,,,
usq,-16.1011924743652,-14.3658618927001,3.0089785705150733,-4.406941200826264,3032873044,,,,
usq,-16.24116897583,-14.9017257690429,3.0768445817110512,-4.250958596770132,3032889711,,,,
usq,-16.2114906311035,-15.61376953125,3.11572055799229,-4.021124878008075,3032906378,,,,
usq,-16.2532691955566,-16.4423503875732,3.1117845875578714,-3.7616147004361733,3032923045,,,,
usq,-16.4701881408691,-17.23974609375,3.0619326334632246,-3.5233422548969004,3032939712,,,,
usq,-16.8460693359375,-18.044937133789,2.975191545999143,-3.3541439001384346,3032956379,,,,
usq,-17.3863067626953,-18.8729877471923,2.8708528671146243,-3.2895260208873442,3032973046,,,,
usq,-18.05126953125,-19.8079795837402,2.7734595231880648,-3.3457743554917907,3032989713,,,,
usq,-18.7202186584472,-20.8880634307861,2.7059609520443964,-3.516824433465844,3033006380,,,,
usq,-19.3698959350585,-22.1416664123535,2.6831582875339697,-3.775660083312153,3033023047,,,,
usq,-20.0381240844726,-23.4884223937988,2.707571266710801,-4.080096351045755,3033039714,,,,
usq,-20.7875175476074,-24.8190040588378,2.769042510097854,-4.381731223044414,3033056381,,,,
usq,-21.6044616699218,-26.0938339233398,2.848112349062848,-4.63595189701908,3033073048,,,,
usq,-22.4885902404785,-27.3632507324218,2.921965409737029,-4.810548301238028,3033089715,,,,
usq,-23.4458122253418,-28.6559181213378,2.9709952189572038,-4.890904842050879,3033106382,,,,
usq,-24.6896209716796,-29.9947872161865,2.983975576414751,-4.880766840519261,3033123049,,,,
usq,-26.2440719604492,-31.3309726715087,2.9604327547506095,-4.798839132208246,3033139716,,,,
usq,-27.8601989746093,-32.5670661926269,2.9097918496895234,-4.672563306589567,3033156383,,,,
usq,-29.2866706848144,-33.753604888916,2.8478284412820725,-4.531034673568732,3033173050,,,,
usq,-30.5573196411132,-35.0044593811035,2.7916096241676773,-4.399011591415606,3033189717,,,,
usq,-31.7820816040039,-36.4514770507812,2.7543642459224245,-4.293357819485303,3033206384,,,,
usq,-33.0841484069824,-38.0931396484375,2.7416215839413596,-4.2222882290079085,3033223051,,,,
usq,-34.5382995605468,-39.6378746032714,2.749606616364567,-4.186898125506892,3033239718,,,,
usq,-35.9717788696289,-41.0816764831543,2.766368443673606,-4.183985383722212,3033256385,,,,
usq,-37.3668670654296,-42.461555480957,2.7754614462316627,-4.209071104666994,3033273052,,,,
usq,-39.0599746704101,-43.9484252929687,2.7612405088324827,-4.258513881283206,3033289719,,,,
usq,-40.7718048095703,-45.5263938903808,2.714198369613744,-4.32969005576456,3033306386,,,,
usq,-42.4406433105468,-46.9455451965332,2.6345938988142987,-4.418741007183475,3033323053,,,,
usq,-44.0983657836914,-48.3951263427734,2.5330590868828886,-4.516534000155821,3033339720,,,,
usq,-45.600471496582,-49.8423233032226,2.4277786229407967,-4.604744425135586,3033356387,,,,
usq,-46.8106994628906,-51.2290725708007,2.338855258938309,-4.654511620278619,3033373054,,,,
usq,-47.5614013671875,-52.5149383544921,2.281308425929596,-4.6294759197942685,3033389721,,,,
usq,-47.9228286743164,-53.6619834899902,2.2586884186347738,-4.493343871021467,3033406388,,,,
usq,-47.8705444335937,-54.8780364990234,2.2594440295151457,-4.2201430218956935,3033423055,,,,
usq,-47.6468200683593,-56.2272186279296,2.2577605714301288,-3.8039594117844717,3033439722,,,,
usq,-47.3300399780273,-57.5282249450683,2.2194437591098826,-3.264920475418149,3033456389,,,,
usq,-46.8973388671875,-58.621971130371,2.111769317219809,-2.649464075135616,3033473056,,,,
usq,-46.217056274414,-59.460594177246,1.914622558613903,-2.0247545757750216,3033489723,,,,
usq,-45.2371749877929,-60.0797996520996,1.6293919303308844,-1.468616709786138,3033506390,,,,
usq,-44.0586471557617,-60.5000686645507,1.2824313316270006,-1.057143090621305,3033523057,,,,
usq,-42.6875076293945,-60.7286415100097,0.921502839615632,-0.8521828048914211,3033539724,,,,
usq,-41.2724304199218,-60.8574562072753,0.6059194958481559,-0.8904924706438861,3033556391,,,,
usq,-40.0129165649414,-60.9924278259277,0.39319149857346325,-1.175912755460936,3033573058,,,,
usq,-39.0409469604492,-61.023265838623,0.3259897564756507,-1.6759056983698608,3033589725,,,,
usq,-38.2649307250976,-60.8454513549804,0.42286225784746495,-2.323912868200175,3033606392,,,,
usq,-37.7167129516601,-60.603157043457,0.6746721789591932,-3.028492141642036,3033623059,,,,
usq,-37.1706237792968,-60.3533630371093,1.0468759026531296,-3.6885834677729332,3033639726,,,,
usq,-36.5570678710937,-60.1628532409668,1.4862878734693163,-4.212055496340467,3033656393,,,,
usq,-36.0588302612304,-60.0013694763183,1.9303412417138077,-4.533112744522357,3033673060,,,,
usq,-35.8507308959961,-59.8741340637207,2.316999074737925,-4.62413650614707,3033689727,,,,
usq,-35.6802368164062,-59.7246513366699,2.593988266377193,-4.499094089560272,3033706394,,,,
usq,-35.2020874023437,-59.4542922973632,2.726451991133399,-4.2080282136002385,3033723061,,,,
usq,-34.7027282714843,-59.078269958496,2.7021874731040696,-3.8244324742937295,3033739728,,,,
usq,-34.413948059082,-58.640453338623,2.5334873051056923,-3.428900129151774,3033756395,,,,
usq,-34.5640487670898,-58.0995559692382,2.254748293057588,-3.093017159871787,3033773062,,,,
usq,-35.1948471069336,-57.320873260498,1.9159172207886277,-2.8670321374749355,3033789729,,,,
usq,-36.3998184204101,-56.4380569458007,1.5733197638873264,-2.7735663616134927,3033806396,,,,
usq,-37.7764282226562,-55.4428558349609,1.2804991024675947,-2.807949125397174,3033823063,,,,
usq,-39.2958908081054,-54.1070251464843,1.0813561579293487,-2.9441892695964733,3033839730,,,,
usq,-40.2662963867187,-52.5461387634277,1.006180977422322,-3.1444526935165715,3033856397,,,,
usq,-40.8298950195312,-51.1124725341796,1.0694981668776797,-3.369317194200699,3033873064,,,,
usq,-41.5397644042968,-49.902660369873,1.2685482143850058,-3.5861628644492662,3033889731,,,,
usq,-42.7265396118164,-48.5879516601562,1.582680930298615,-3.7739801962229342,3033906398,,,,
usq,-43.8666000366211,-46.9565086364746,1.9752491658290119,-3.9244029141173797,3033923065,,,,
usq,-44.5466613769531,-45.0054855346679,2.399140837283797,-4.04011347012865,3033939732,,,,
usq,-44.6924209594726,-43.0633163452148,2.805093682000469,-4.132097848133422,3033956399,,,,
usq,-44.5154190063476,-41.571662902832,3.1502096057715145,-4.216466414356478,3033973066,,,,
usq,-44.169204711914,-40.1805458068847,3.4041304364426463,-4.310591614151048,3033989733,,,,
usq,-43.6639022827148,-38.4629364013671,3.551943884261159,-4.428193826036848,3034006400,,,,
usq,-42.856330871582,-36.7131881713867,3.5945266197908796,-4.57392422846408,3034023067,,,,
usq,-41.6090316772461,-35.4273872375488,3.5474125595058057,-4.739147591267665,3034039734,,,,
usq,-40.0072250366211,-34.5520095825195,3.4384792475049557,-4.901039218242103,3034056401,,,,
usq,-38.2765960693359,-33.6519470214843,3.3039312037043955,-5.026343652236104,3034073068,,,,
usq,-36.435806274414,-32.550853729248,3.182195892560897,-5.07940421853934,3034089735,,,,
usq,-34.6156311035156,-31.3839130401611,3.1063592206722817,-5.03209365349249,3034106402,,,,
usq,-32.9037475585937,-30.3537368774414,3.09684256825584,-4.872140768658394,3034123069,,,,
usq,-31.275218963623,-29.3732604980468,3.1564383261548996,-4.606894571809069,3034139736,,,,
usq,-29.6652603149414,-28.347412109375,3.269368644641861,-4.261626261035945,3034156403,,,,
usq,-28.112377166748,-27.1952457427978,3.404982557064721,-3.8738266701278454,3034173070,,,,
usq,-26.6823806762695,-25.9620952606201,3.5255080997262924,-3.4862232554726793,3034189737,,,,
usq,-25.3877334594726,-24.7505683898925,3.5961982043196934,-3.1408291811985314,3034206404,,,,
usq,-24.1720352172851,-23.7819843292236,3.595340722424971,-2.8747783212134457,3034223071,,,,
usq,-23.0662078857421,-23.0958728790283,3.5211956376941687,-2.7171988089313497,3034239738,,,,
usq,-22.1465072631835,-22.6635551452636,3.3934154219970933,-2.685967041950743,3034256405,,,,
usq,-21.4586143493652,-22.4382972717285,3.248046968207229,-2.784029560485412,3034273072,,,,
usq,-20.9305877685546,-22.2063426971435,3.1273494937655193,-2.9963393929736784,3034289739,,,,
usq,-20.6074066162109,-21.9606018066406,3.0675520399214826,-3.2893007398443075,3034306406,,,,
usq,-20.48384475708,-21.893175125122,3.0885075480774034,-3.6143515611315524,3034323073,,,,
usq,-20.4762001037597,-21.9355640411376,3.1885406440695006,-3.916010827838991,3034339740,,,,
usq,-20.5126457214355,-21.9575805664062,3.345852280885192,-4.14294105568124,3034356407,,,,
usq,-20.5190811157226,-22.0228118896484,3.5255134334881646,-4.259105179088135,3034373074,,,,
usq,-20.4981613159179,-22.083999633789,3.689383840044316,-4.251650121704775,3034389741,,,,
usq,-20.5114860534668,-22.0811233520507,3.8057978064172993,-4.13305728905529,3034406408,,,,
usq,-20.630012512207,-22.112470626831,3.8564784796685316,-3.9370285196950805,3034423075,,,,
usq,-20.8400077819824,-22.3058261871337,3.839365789670842,-3.709630787227004,3034439742,,,,
usq,-21.0558853149414,-22.6699237823486,3.767303633645852,-3.4984953709234805,3034456409,,,,
usq,-21.2856292724609,-23.2189846038818,3.6634704186547427,-3.3429947262068267,3034473076,,,,
usq,-21.5589332580566,-23.930528640747,3.554955874039155,-3.2675678034053157,3034489743,,,,
usq,-21.9960708618164,-24.7037200927734,3.466029894510116,-3.279242616087073,3034506410,,,,
usq,-22.7027320861816,-25.5410060882568,3.4125039719587145,-3.3692894360127137,3034523077,,,,
usq,-23.6105422973632,-26.5005226135253,3.398259610312041,-3.517998784907513,3034539744,,,,
usq,-24.5409126281738,-27.5817432403564,3.4146025337375976,-3.700916171974191,3034556411,,,,
usq,-25.3593521118164,-28.6851253509521,3.442633243086548,-3.894629643871669,3034573078,,,,
usq,-26.2491111755371,-29.7346763610839,3.458291843646482,-4.0805444019018555,3034589745,,,,
usq,-27.2291069030761,-30.8012027740478,3.4391297262499356,-4.245947561833015,3034606412,,,,
usq,-28.3157615661621,-31.9533405303955,3.371260300539545,-4.382745297963745,3034623079,,,,
usq,-29.5652351379394,-33.1806907653808,3.254561497695668,-4.485109944747673,3034639746,,,,
usq,-30.8693351745605,-34.3636093139648,3.1043261576141004,-4.5475747835210125,3034656413,,,,
usq,-32.1303443908691,-35.4940299987793,2.9483392534388932,-4.564729654639478,3034673080,,,,
usq,-33.432445526123,-36.6567077636718,2.819663647872208,-4.532742580045666,3034689747,,,,
usq,-34.7722854614257,-37.8588905334472,2.746819575927823,-4.451897562761664,3034706414,,,,
usq,-36.0114822387695,-39.1787643432617,2.744064769517799,-4.328725235650395,3034723081,,,,
usq,-37.1173858642578,-40.5587615966796,2.8047966898708467,-4.176395803949117,3034739748,,,,
usq,-38.0556182861328,-41.9249420166015,2.900581140222468,-4.012745903871313,3034756415,,,,
usq,-39.0508270263671,-43.3391418457031,2.9869537486966937,-3.8562821542628916,3034773082,,,,
usq,-40.1273727416992,-44.7906951904296,3.015074024380981,-3.72136058885253,3034789749,,,,
usq,-41.1535339355468,-46.2622032165527,2.9460567203082153,-3.6141779499079534,3034806416,,,,
usq,-41.9034957885742,-47.752155303955,2.763372196303137,-3.531070764555481,3034823083,,,,
usq,-42.3100814819336,-49.3036651611328,2.479045433669452,-3.459930706827108,3034839750,,,,
usq,-42.7131652832031,-50.759521484375,2.1315260716633113,-3.3845215075729973,3034856417,,,,
usq,-43.4225234985351,-51.9940528869628,1.776037112987973,-3.2904677116724645,3034873084,,,,
usq,-44.3249282836914,-53.1364860534668,1.4706478201370972,-3.1710388889087384,3034889751,,,,
usq,-45.2242584228515,-54.213623046875,1.2624105639235566,-3.030785790248133,3034906418,,,,
usq,-45.7589492797851,-55.131362915039,1.1774121045430845,-2.885613416239278,3034923085,,,,
usq,-45.8018264770507,-55.9380989074707,1.2168624259604368,-2.7589208312697218,3034939752,,,,
usq,-45.4994125366211,-56.6642608642578,1.3592309350272942,-2.6747891242720203,3034956419,,,,
usq,-45.0803451538086,-57.1426200866699,1.5668612893472895,-2.650359079383532,3034973086,,,,
usq,-44.630386352539,-57.485782623291,1.7948368568610418,-2.6899086573742084,3034989753,,,,
usq,-44.1066818237304,-57.8418884277343,1.9998853122221993,-2.782514586607319,3035006420,,,,
usq,-43.4579620361328,-58.1739120483398,2.147457655273359,-2.9039225608665182,3035023087,,,,
usq,-42.7191314697265,-58.3590698242187,2.215750734316198,-3.0219438415442967,3035039754,,,,
usq,-41.9907302856445,-58.3889045715332,2.1964188896406656,-3.1037934572567063,3035056421,,,,
usq,-41.395637512207,-58.3429985046386,2.0928211414793463,-3.1234788062030066,3035073088,,,,
usq,-40.9661865234375,-58.2858581542968,1.917401867376204,-3.0675786293108978,3035089755,,,,
usq,-40.7751998901367,-58.2372741699218,1.6897851047012427,-2.9383014925177235,3035106422,,,,
usq,-40.6668472290039,-58.2343215942382,1.4362384523059077,-2.7533757115661084,3035123089,,,,
usq,-40.4510192871093,-58.1409263610839,1.1896318071426268,-2.5430001031957867,3035139756,,,,
usq,-39.9074478149414,-57.8778762817382,0.9877679819510947,-2.3446732609952594,3035156423,,,,
usq,-39.340835571289,-57.5057258605957,0.8681941124381276,-2.19702289759233,3035173090,,,,
usq,-39.1537246704101,-57.1387901306152,0.8597494391483694,-2.133646997259191,3035189757,,,,
usq,-39.4368515014648,-56.7139282226562,0.9738575135917016,-2.1776021519012803,3035206424,,,,
usq,-40.0785446166992,-56.1314849853515,1.1995721009789482,-2.3368966898352843,3035223091,,,,
usq,-40.5308609008789,-55.3510932922363,1.5045568371044027,-2.601442687501226,3035239758,,,,
usq,-40.7490844726562,-54.5075721740722,1.8411584264349716,-2.9423056924208413,3035256425,,,,
usq,-40.9719543457031,-53.7686004638671,2.155285252767769,-3.3143169751839374,3035273092,,,,
usq,-41.5381240844726,-53.0022659301757,2.396672882350897,-3.662693285775975,3035289759,,,,
usq,-42.3383560180664,-51.8574600219726,2.5301878007656065,-3.933149019337833,3035306426,,,,
usq,-42.7741088867187,-50.453254699707,2.546814673514864,-4.083554624945028,3035323093,,,,
usq,-42.8103332519531,-48.926025390625,2.4704540913652453,-4.09423211997286,3035339760,,,,
usq,-42.7026672363281,-47.2138862609863,2.3556650274918556,-3.97394732155145,3035356427,,,,
usq,-42.9171676635742,-45.4179801940918,2.2742289830585736,-3.7594830711417226,3035373094,,,,
usq,-43.2927932739257,-43.5897483825683,2.293748490492934,-3.508064430666552,3035389761,,,,
usq,-43.1652069091796,-41.496726989746,2.455835558519941,-3.283747825108608,3035406428,,,,
usq,-42.4234466552734,-39.156940460205,2.761976186503458,-3.1410158729566273,3035423095,,,,
usq,-41.1416549682617,-36.9617233276367,3.1719082232425784,-3.1104535484883,3035439762,,,,
usq,-39.456672668457,-35.4036178588867,3.6144829760004016,-3.19132549190098,3035456429,,,,
usq,-37.5409698486328,-34.1221771240234,4.0068429456411385,-3.3536095811840094,3035473096,,,,
usq,-35.6021728515625,-32.52734375,4.275737450633942,-3.5484877201631932,3035489763,,,,
usq,-33.7865142822265,-30.8160781860351,4.375147033288307,-3.723306398810772,3035506430,,,,
usq,-31.870018005371,-29.575231552124,4.296325971485846,-3.8359846568440163,3035523097,,,,
usq,-29.6877479553222,-28.781415939331,4.068731594467974,-3.8647313716905316,3035539764,,,,
usq,-27.4221725463867,-27.9269371032714,3.7523340153345925,-3.810788479570065,3035556431,,,,
usq,-25.5132102966308,-26.7853393554687,3.423401168992521,-3.6940823217879446,3035573098,,,,
usq,-24.1329307556152,-25.6092414855957,3.157124336575878,-3.543930921971821,3035589765,,,,
usq,-23.1063079833984,-24.4728164672851,3.0111508209182363,-3.3887088041812112,3035606432,,,,
usq,-22.1933898925781,-23.3833618164062,3.013791987483362,-3.248550408450751,3035623099,,,,
usq,-21.1383934020996,-22.4320011138916,3.159336283779455,-3.1334076812980562,3035639766,,,,
usq,-19.7709007263183,-21.7473030090332,3.4110791549270902,-3.046022470708227,3035656433,,,,
usq,-18.4123306274414,-21.2548923492431,3.7110542234807258,-2.987138992070983,3035673100,,,,
usq,-17.3822288513183,-20.8430614471435,3.9942297194536946,-2.9595444437888876,3035689767,,,,
usq,-16.8728561401367,-20.4907207489013,4.203982993754481,-2.968422419595312,3035706434,,,,
usq,-16.798900604248,-20.3381652832031,4.305057426226366,-3.017565148160607,3035723101,,,,
usq,-17.0662193298339,-20.3685455322265,4.290451032105866,-3.1033616399921695,3035739768,,,,
usq,-17.5073471069335,-20.4399185180664,4.180272070907839,-3.2101014780483412,3035756435,,,,
usq,-17.769115447998,-20.4061336517334,4.013295866552748,-3.310105864917593,3035773102,,,,
usq,-17.7948036193847,-20.2896499633789,3.8346158704186215,-3.370252761695361,3035789769,,,,
usq,-17.7770233154296,-20.270034790039,3.6839506033587184,-3.363300019620915,3035806436,,,,
usq,-17.8060569763183,-20.409683227539,3.588173200843406,-3.27955999678325,3035823103,,,,
usq,-17.9339447021484,-20.6429843902587,3.559154704412919,-3.1335796792640687,3035839770,,,,
usq,-18.3299255371093,-20.9985771179199,3.595600306657689,-2.962266646523662,3035856437,,,,
usq,-18.9671554565429,-21.5677013397216,3.686486864276412,-2.814602534898428,3035873104,,,,
usq,-19.7127532958984,-22.2373924255371,3.8142124749126864,-2.7367902037920486,3035889771,,,,
usq,-20.4157524108886,-22.8594455718994,3.9569106764579587,-2.7585046766273242,3035906438,,,,
usq,-20.9679374694824,-23.5182857513427,4.090515059036514,-2.88511897021833,3035923105,,,,
usq,-21.3864860534668,-24.3948669433593,4.1914077576879425,-3.0980186648483836,3035939772,,,,
usq,-21.8825340270996,-25.3858089447021,4.239877945680683,-3.3618753193879747,3035956439,,,,
usq,-22.4842071533203,-26.5696945190429,4.223731719958279,-3.6354515861481587,3035973106,,,,
usq,-23.3303489685058,-27.4978713989257,4.140870904668471,-3.881945448532087,3035989773,,,,
usq,-24.499942779541,-28.3062381744384,3.999781036241364,-4.0759221310902385,3036006440,,,,
usq,-25.7564620971679,-29.41770362854,3.8175072702579906,-4.20571107562375,3036023107,,,,
usq,-26.8529930114746,-30.6970043182373,3.615534829399588,-4.2718629795499945,3036039774,,,,
usq,-27.8437118530273,-31.9356288909912,3.414741257701786,-4.283305825105746,3036056441,,,,
usq,-28.9608497619628,-33.0332527160644,3.2309890292834402,-4.253002133040033,3036073108,,,,
usq,-30.093994140625,-34.3534622192382,3.0727351617074046,-4.194353350368968,3036089775,,,,
usq,-31.1877326965332,-35.6676940917968,2.9412477627001574,-4.118810144339359,3036106442,,,,
usq,-32.3876800537109,-36.9613952636718,2.8330223778673598,-4.034600835114745,3036123109,,,,
usq,-33.9281539916992,-38.2693519592285,2.7432745960763825,-3.946323160905079,3036139776,,,,
usq,-35.4051208496093,-39.6697311401367,2.669171706503743,-3.8552115870234487,3036156443,,,,
usq,-36.8638076782226,-41.1188049316406,2.611694586766039,-3.7599751020611585,3036173110,,,,
usq,-38.2284851074218,-42.50630569458,2.5755504832484117,-3.6580546042979587,3036189777,,,,
usq,-39.4169464111328,-44.0151062011718,2.5672278721005646,-3.5469897649017788,3036206444,,,,
usq,-40.4688949584961,-45.7563858032226,2.5918585033997585,-3.4254872997915937,3036223111,,,,
usq,-41.5386734008789,-47.6589927673339,2.64980060955412,-3.293926496817464,3036239778,,,,
usq,-42.496353149414,-49.5096015930175,2.733792609972151,-3.1543950175765465,3036256445,,,,
usq,-43.2192916870117,-51.1343002319335,2.8274112093443584,-3.0106457111531153,3036273112,,,,
usq,-43.3512420654296,-52.5027732849121,2.9055866376224695,-2.868327237977591,3036289779,,,,
usq,-43.0673141479492,-53.7004699707031,2.9379197163141813,-2.735460073222351,3036306446,,,,
usq,-42.5841522216796,-54.8262023925781,2.8951060663719175,-2.6226779127348094,3036323113,,,,
usq,-42.1581115722656,-55.828987121582,2.757627644609845,-2.5425634812936093,3036339780,,,,
usq,-41.7441024780273,-56.6657943725585,2.5242989512736718,-2.507639175280686,3036356447,,,,
usq,-41.1819839477539,-57.3223571777343,2.2172021592222704,-2.5271417982583446,3036373114,,,,
usq,-40.3665618896484,-57.809341430664,1.880049265906637,-2.6033635178179373,3036389781,,,,
usq,-39.3381576538086,-58.1384353637695,1.5692504732961057,-2.7287981755999526,3036406448,,,,
usq,-38.2541275024414,-58.2900772094726,1.3399456918648498,-2.8853772902630785,3036423115,,,,
usq,-37.3614501953125,-58.2899131774902,1.2314508806165296,-3.0465947087391556,3036439782,,,,
usq,-36.810188293457,-58.1604423522949,1.2569167117562121,-3.1823571211118016,3036456449,,,,
usq,-36.5241470336914,-57.8872680664062,1.4004133883773109,-3.26530182239753,3036473116,,,,
usq,-36.3801879882812,-57.4626960754394,1.6219559026707353,-3.276670801965561,3036489783,,,,
usq,-36.2388610839843,-56.9608879089355,1.8683626510608489,-3.210072591336329,3036506450,,,,
usq,-36.0914077758789,-56.3891220092773,2.0862849098725307,-3.0724887864657093,3036523117,,,,
usq,-36.1561965942382,-55.7529983520507,2.2336701279455355,-2.8829881334427143,3036539784,,,,
usq,-36.5080642700195,-55.0928535461425,2.287091268763582,-2.670059798525412,3036556451,,,,
usq,-36.9649887084961,-54.3476104736328,2.244092336780989,-2.468148519663462,3036573118,,,,
usq,-37.5600357055664,-53.3975982666015,2.1212270542402627,-2.3134182610844065,3036589785,,,,
usq,-38.2593231201171,-52.3482437133789,1.949351858938662,-2.2386288083357124,3036606452,,,,
usq,-39.0143356323242,-51.3604660034179,1.7678418937435396,-2.26746137982054,3036623119,,,,
usq,-39.79296875,-50.3202438354492,1.6188614182621168,-2.4093446944192998,3036639786,,,,
usq,-40.53857421875,-49.1700286865234,1.5420367460440056,-2.6562751350394973,3036656453,,,,
usq,-41.2356414794921,-48.1480484008789,1.5693524128426741,-2.982890990371012,3036673120,,,,
usq,-41.8410720825195,-47.1902313232421,1.7201268338129698,-3.3501318926952894,3036689787,,,,
usq,-42.4139404296875,-46.1599197387695,1.9964818231507615,-3.71163345608007,3036706454,,,,
usq,-42.8177108764648,-45.0749473571777,2.380438633159061,-4.021256243737575,3036723121,,,,
usq,-42.8810958862304,-43.9063034057617,2.834114318559704,-4.240229664742819,3036739788,,,,
usq,-42.6134185791015,-42.705322265625,3.3040748296556193,-4.343018330355698,3036756455,,,,
usq,-41.9341049194336,-41.3106651306152,3.7298082195626963,-4.321457309334751,3036773122,,,,
usq,-40.5256195068359,-39.9172744750976,4.054957081070914,-4.186557476565083,3036789789,,,,
usq,-38.7531967163086,-38.7046356201171,4.23886031275153,-3.967073902975901,3036806456,,,,
usq,-37.1834869384765,-37.4456596374511,4.265498590177742,-3.7042763916705614,3036823123,,,,
usq,-35.6266479492187,-35.8383102416992,4.1474183343480115,-3.443651663465498,3036839790,,,,
usq,-34.0875396728515,-33.9749069213867,3.923537086790719,-3.225789399067458,3036856457,,,,
usq,-32.5524787902832,-31.9608459472656,3.651326617726313,-3.079251544392683,3036873124,,,,
usq,-30.9574584960937,-30.1871032714843,3.3951056090582683,-3.0171936733000626,3036889791,,,,
usq,-29.343505859375,-29.141149520874,3.2128404292217305,-3.03757140643918,3036906458,,,,
usq,-27.8140258789062,-28.5820655822753,3.144091257835472,-3.125354639073129,3036923125,,,,
usq,-26.4325141906738,-28.185956954956,3.201690741865613,-3.255202847378329,3036939792,,,,
usq,-25.093391418457,-27.5166778564453,3.369312974907479,-3.394192048722093,3036956459,,,,
usq,-23.6635932922363,-26.3368682861328,3.6060395537942793,-3.5053165391319014,3036973126,,,,
usq,-22.2293243408203,-25.0213451385498,3.857294013067322,-3.5527150898580016,3036989793,,,,
usq,-21.0811042785644,-24.0375881195068,4.069513648201283,-3.5087174446561606,3037006460,,,,
usq,-20.4667510986328,-23.6062297821044,4.204466526257879,-3.361350705312467,3037023127,,,,
usq,-20.2645225524902,-23.4757328033447,4.248922187795796,-3.1197542283320945,3037039794,,,,
usq,-20.0921363830566,-23.1345520019531,4.2166605164303785,-2.814891259036929,3037056461,,,,
usq,-19.6628608703613,-22.6289710998535,4.142200695684781,-2.4943032228474986,3037073128,,,,
usq,-19.0846443176269,-22.1582126617431,4.068382031562356,-2.211820832527786,3037089795,,,,
usq,-18.5896606445312,-21.8830032348632,4.032040814890013,-2.015022839393948,3037106462,,,,
usq,-18.3419494628906,-21.8735256195068,4.052624368936158,-1.93401057811339,3037123129,,,,
usq,-18.3473777770996,-22.0455417633056,4.12737288109685,-1.9746236880487786,3037139796,,,,
usq,-18.4404067993164,-22.298770904541,4.234221435615874,-2.1178968313306563,3037156463,,,,
usq,-18.5581245422363,-22.6150131225585,4.340891667134065,-2.3257962562412056,3037173130,,,,
usq,-18.7207984924316,-22.9623279571533,4.4167189895132974,-2.551543930693993,3037189797,,,,
usq,-18.9846267700195,-23.3036384582519,4.443089223922975,-2.75159663051977,3037206464,,,,
usq,-19.2800788879394,-23.5384197235107,4.419014259389886,-2.895935745189928,3037223131,,,,
usq,-19.5582427978515,-23.6724452972412,4.360172601105823,-2.973882093293901,3037239798,,,,
usq,-19.9443168640136,-23.8105869293212,4.292154459107842,-2.9940943318619064,3037256465,,,,
usq,-20.4752120971679,-24.0788173675537,4.240752627379869,-2.9793170753931997,3037273132,,,,
usq,-21.15864944458,-24.60005569458,4.222974507774485,-2.9580713298302177,3037289799,,,,
usq,-21.9466018676757,-25.3307704925537,4.241717990543307,-2.9561522764364083,3037306466,,,,
usq,-22.8269004821777,-26.1645774841308,4.285340891117144,-2.9903715769619312,3037323133,,,,
usq,-23.7558822631835,-27.0131072998046,4.331609942435566,-3.0658569893423544,3037339800,,,,
usq,-24.6831588745117,-27.8460464477539,4.354383221177251,-3.1769804469981473,3037356467,,,,
usq,-25.5969848632812,-28.7310371398925,4.3309928404789275,-3.311018858163304,3037373134,,,,
usq,-26.3939399719238,-29.683479309082,4.2484591011400585,-3.4530684615478426,3037389801,,,,
usq,-27.21626663208,-30.7162456512451,4.107108721809251,-3.590509577036543,3037406468,,,,
usq,-28.3007278442382,-31.8241901397705,3.9207455448059,-3.7154938684785885,3037423135,,,,
usq,-29.5974464416503,-33.0141220092773,3.7132630289290205,-3.824605987297289,3037439802,,,,
usq,-30.9071388244628,-34.2327270507812,3.51247761314123,-3.915982243350433,3037456469,,,,
usq,-32.1778831481933,-35.481689453125,3.3427611253598633,-3.9853623383939825,3037473136,,,,
usq,-33.4531745910644,-36.7608909606933,3.2184600565373827,-4.023225579041574,3037489803,,,,
usq,-34.7969436645507,-38.0837860107421,3.139994072237006,-4.014919884699778,3037506470,,,,
usq,-36.1858215332031,-39.5439491271972,3.093946126831233,-3.9445627892325694,3037523137,,,,
usq,-37.6057357788086,-41.1504554748535,3.057421641578269,-3.801898853189785,3037539804,,,,
usq,-38.9101486206054,-42.7266006469726,3.005639939853499,-3.589821560572923,3037556471,,,,
usq,-40.0541915893554,-44.1708679199218,2.920575434570192,-3.329441468526234,3037573138,,,,
usq,-41.0600967407226,-45.6571464538574,2.797960002931241,-3.059801560541446,3037589805,,,,
usq,-41.845718383789,-47.1411476135253,2.6502749972919046,-2.830852279204309,3037606472,,,,
usq,-42.3650360107421,-48.4637031555175,2.504425091337421,-2.690938956877801,3037623139,,,,
usq,-42.5864944458007,-49.88472366333,2.394389733680924,-2.672800207470215,3037639806,,,,
usq,-42.6397628784179,-51.5804290771484,2.3508691649439024,-2.7832881634534874,3037656473,,,,
usq,-42.6107330322265,-53.3356475830078,2.391107925779707,-3.0007166423802913,3037673140,,,,
usq,-42.4646835327148,-54.9061737060546,2.512118984621448,-3.2805752159649497,3037689807,,,,
usq,-42.1698379516601,-56.2583045959472,2.6894278820494364,-3.5670790729878687,3037706474,,,,
usq,-41.6938095092773,-57.3532752990722,2.8817471349395323,-3.8062006398069617,3037723141,,,,
usq,-41.1056900024414,-58.121467590332,3.0403378088490025,-3.956017442072823,3037739808,,,,
usq,-40.4638214111328,-58.6017951965332,3.1206237646000874,-3.992032698154198,3037756475,,,,
usq,-39.8343658447265,-58.893928527832,3.0930361734339216,-3.907564505624166,3037773142,,,,
usq,-39.2086334228515,-59.029426574707,2.9501691188033656,-3.711143695770096,3037789809,,,,
usq,-38.6693649291992,-59.0192832946777,2.7082350145252723,-3.4233003662590584,3037806476,,,,
usq,-38.2400894165039,-58.8788757324218,2.402462457713545,-3.0741959543062167,3037823143,,,,
usq,-37.9410629272461,-58.640338897705,2.0780142558078762,-2.7020611832800157,3037839810,,,,
usq,-37.8390884399414,-58.2746887207031,1.779431246186187,-2.3512792337168102,3037856477,,,,
usq,-37.9517822265625,-57.7836189270019,1.5418427955636647,-2.0687389734567874,3037873144,,,,
usq,-38.1276092529296,-57.2174949645996,1.3861072452491037,-1.8977475250735647,3037889811,,,,
usq,-38.3573913574218,-56.6469268798828,1.3182549044361076,-1.870000091356597,3037906478,,,,
usq,-38.6763229370117,-55.9592628479003,1.332104304258344,-1.9974642705494738,3037923145,,,,
usq,-39.0060729980468,-55.1544151306152,1.4134455190505426,-2.2670872051162263,3037939812,,,,
usq,-39.3451080322265,-54.2314262390136,1.5446587317937746,-2.641370751443863,3037956479,,,,
usq,-39.7234725952148,-52.9946022033691,1.7092921385168796,-3.066509415466529,3037973146,,,,
usq,-40.2075500488281,-51.5034599304199,1.8962278854516355,-3.4868795429614594,3037989813,,,,
usq,-40.6543426513671,-50.1327743530273,2.1025422231914037,-3.861110757312825,3038006480,,,,
usq,-40.8854904174804,-48.3778457641601,2.3335790675115726,-4.172728670844939,3038023147,,,,
usq,-41.0058822631836,-45.9949989318847,2.598908394402779,-4.429631396995734,3038039814,,,,
usq,-41.2243270874023,-44.1472778320312,2.9043134658370784,-4.651915860642267,3038056481,,,,
usq,-41.4533309936523,-43.3782196044921,3.2424766050741214,-4.854029552539782,3038073148,,,,
usq,-41.4020843505859,-42.939525604248,3.5870813303382,-5.030458881902716,3038089815,,,,
usq,-41.1551971435546,-42.1155738830566,3.894626213038248,-5.152044167399411,3038106482,,,,
usq,-40.6234588623046,-40.5785217285156,4.114821153662592,-5.174467825006888,3038123149,,,,
usq,-39.676025390625,-38.5360717773437,4.205963835560869,-5.055129322041425,3038139816,,,,
usq,-38.4731903076171,-36.3705406188964,4.149154638564818,-4.77178037907715,3038156483,,,,
usq,-36.8554763793945,-34.4278526306152,3.9560119215113803,-4.336256092694599,3038173150,,,,
usq,-34.712890625,-32.8099937438964,3.6676086788098594,-3.7986567332730687,3038189817,,,,
usq,-32.3457336425781,-31.5008125305175,3.345559944757121,-3.240355218810413,3038206484,,,,
usq,-30.0870666503906,-30.3855113983154,3.05827867476326,-2.7572559036187947,3038223151,,,,
usq,-28.3186683654785,-29.3244342803955,2.866253376655244,-2.4372094069251697,3038239818,,,,
usq,-27.2359085083007,-28.2597141265869,2.8099593497084836,-2.3371814217418496,3038256485,,,,
usq,-26.2574577331543,-27.2871265411376,2.902836064366322,-2.4664997128092856,3038273152,,,,
usq,-24.9797973632812,-26.4245777130126,3.1301254992398047,-2.781758817296517,3038289819,,,,
usq,-23.6094894409179,-25.6015434265136,3.453047431642667,-3.196191218561823,3038306486,,,,
usq,-22.6150779724121,-24.7608489990234,3.817125441740167,-3.601788224650801,3038323153,,,,
usq,-22.1499290466308,-23.8589191436767,4.163090819331208,-3.897776190941465,3038339820,,,,
usq,-21.9232749938964,-22.9050159454345,4.438317524358372,-4.016476150352151,3038356487,,,,
usq,-21.4688034057617,-22.1599006652832,4.606484035807181,-3.9385291997513674,3038373154,,,,
usq,-20.6648025512695,-21.679552078247,4.653619062070922,-3.6935476227773094,3038389821,,,,
usq,-19.5861549377441,-21.2635746002197,4.589707560553348,-3.34748051120822,3038406488,,,,
usq,-18.4915046691894,-20.7228565216064,4.445910579980062,-2.982078110958042,3038423155,,,,
usq,-17.6644134521484,-20.1068038940429,4.267887056930637,-2.673386228960978,3038439822,,,,
usq,-17.295726776123,-19.6146945953369,4.106122044285602,-2.4751150956750836,3038456489,,,,
usq,-17.315200805664,-19.3265972137451,4.004946464985865,-2.4100311460463155,3038473156,,,,
usq,-17.4572143554687,-19.187931060791,3.992723526480485,-2.469675368648476,3038489823,,,,
usq,-17.4188766479492,-19.1462936401367,4.075740085814736,-2.6207812607581227,3038506490,,,,
usq,-17.1851463317871,-19.2914276123046,4.237413296892809,-2.8159461133513504,3038523157,,,,
usq,-16.8973388671875,-19.6588153839111,4.44294161378838,-3.005950498088777,3038539824,,,,
usq,-16.8331069946289,-20.0610237121582,4.648125256322243,-3.1511520801411286,3038556491,,,,
usq,-17.1996269226074,-20.3494281768798,4.810122372702209,-3.2295545765413416,3038573158,,,,
usq,-17.9007377624511,-20.5803813934326,4.897510952076176,-3.2397692974612537,3038589825,,,,
usq,-18.5552864074707,-20.8623943328857,4.897214515563867,-3.1983509405717574,3038606492,,,,
usq,-19.0664558410644,-21.3495216369628,4.8165737894557425,-3.1326555420984867,3038623159,,,,
usq,-19.6804656982421,-22.0654315948486,4.680001451361718,-3.0717830752607305,3038639826,,,,
usq,-20.4525032043457,-22.8387966156005,4.52109875961245,-3.038669388275552,3038656493,,,,
usq,-21.3000831604003,-23.5269737243652,4.372540481068449,-3.0457277429504233,3038673160,,,,
usq,-22.145824432373,-24.2543621063232,4.25688212293056,-3.0948872804461756,3038689827,,,,
usq,-23.0279426574707,-25.0777549743652,4.181151151896382,-3.1810869315572825,3038706494,,,,
usq,-23.9890594482421,-26.0222969055175,4.136632182560372,-3.2970110792265372,3038723161,,,,
usq,-25.0456047058105,-27.1053752899169,4.1033215137572485,-3.436633829242301,3038739828,,,,
usq,-26.2196731567382,-28.2813777923584,4.057014089723561,-3.596008757699687,3038756495,,,,
usq,-27.5098648071289,-29.4972438812255,3.9764616306167047,-3.771208138103158,3038773162,,,,
usq,-28.88862991333,-30.72265625,3.8485386691103276,-3.9546751069699413,3038789829,,,,
usq,-30.3050308227539,-31.9650745391845,3.6704846771033117,-4.13198521553325,3038806496,,,,
usq,-31.8457603454589,-33.229019165039,3.449467584829546,-4.280948787679615,3038823163,,,,
usq,-33.3230247497558,-34.5919456481933,3.200450154687839,-4.374204357019721,3038839830,,,,
usq,-34.6772918701171,-36.1257743835449,2.9434801947396485,-4.3851819055344095,3038856497,,,,
usq,-35.9568405151367,-37.7207298278808,2.7012210030771424,-4.295942946013931,3038873164,,,,
usq,-37.1970825195312,-39.3045120239257,2.497033600220571,-4.104455920457011,3038889831,,,,
usq,-38.4946517944336,-40.7577590942382,2.353377439440026,-3.8287468148838792,3038906498,,,,
usq,-39.7973403930664,-42.1174697875976,2.289833505544825,-3.5061389573765336,3038923165,,,,
usq,-40.9859619140625,-43.5319709777832,2.3199303981865103,-3.1872117295859717,3038939832,,,,
usq,-41.9078979492187,-45.1215133666992,2.4465032605361463,-2.9257217838453906,3038956499,,,,
usq,-42.5481567382812,-46.8647499084472,2.656550200478467,-2.7669857351172156,3038973166,,,,
usq,-42.8921890258789,-48.6841011047363,2.9178885702476722,-2.7376617979742446,3038989833,,,,
usq,-42.9153060913086,-50.4667129516601,3.1804208025961973,-2.8394222777480596,3039006500,,,,
usq,-42.6568374633789,-52.1151580810546,3.383823698296031,-3.0479890347974004,3039023167,,,,
usq,-42.0934219360351,-53.5824470520019,3.47110899885076,-3.3177613988234214,3039039834,,,,
usq,-41.2201995849609,-54.8505020141601,3.404765682173997,-3.591024359228427,3039056501,,,,
usq,-40.1164169311523,-55.9159278869628,3.180394109719039,-3.8097273642076295,3039073168,,,,
usq,-38.9552993774414,-56.7391014099121,2.8327560737386253,-3.9273737007826255,3039089835,,,,
usq,-37.8848266601562,-57.3326225280761,2.4310809479245274,-3.9187681331042103,3039106502,,,,
usq,-37.0578308105468,-57.729133605957,2.063667889775373,-3.785995556839162,3039123169,,,,
usq,-36.5036849975586,-57.936710357666,1.8152443813541195,-3.5596728702928275,3039139836,,,,
usq,-36.027717590332,-57.9982719421386,1.7430353394436404,-3.295063532570047,3039156503,,,,
usq,-35.4077606201171,-57.9664916992187,1.8582843319088278,-3.063174496123347,3039173170,,,,
usq,-34.7140502929687,-57.8712425231933,2.1189310566798034,-2.9376278339135946,3039189837,,,,
usq,-34.4020309448242,-57.6910095214843,2.4366942548490687,-2.97893883117241,3039206504,,,,
usq,-35.0701751708984,-57.3474311828613,2.6984305211799477,-3.2187414209617478,3039223171,,,,
usq,-36.8541564941406,-56.7218513488769,2.7976913436549236,-3.647305836002448,3039239838,,,,
usq,-38.7321701049804,-55.6939888000488,2.668451890130884,-4.208052002868394,3039256505,,,,
usq,-39.6504898071289,-54.2589111328125,2.3104137781129235,-4.80215650834315,3039273172,,,,
usq,-39.558235168457,-52.4626388549804,1.796078721092737,-5.304403514296097,3039289839,,,,
usq,-39.2862548828125,-50.6968879699707,1.2549948757484315,-5.588385981641002,3039306506,,,,
usq,-39.0890960693359,-49.3250122070312,0.8386753064897494,-5.55602393272716,3039323173,,,,
usq,-39.2141418457031,-48.0671691894531,0.6770322162487167,-5.164367748548534,3039339840,,,,
usq,-39.8673858642578,-46.4848403930664,0.8404151676469024,-4.442516869275195,3039356507,,,,
usq,-40.8003387451171,-44.9064331054687,1.319380101414858,-3.493256525804776,3039373174,,,,
usq,-41.4669494628906,-43.8431587219238,2.028215863616704,-2.4774253414849943,3039389841,,,,
usq,-41.6860198974609,-43.2829971313476,2.8302475955147264,-1.5834082897005328,3039406508,,,,
usq,-41.4813079833984,-42.8224601745605,3.575774787451607,-0.9881727505287459,3039423175,,,,
usq,-40.920166015625,-42.1660385131835,4.13989162025446,-0.8185547143282855,3039439842,,,,
usq,-40.2063980102539,-41.2420310974121,4.448885510346402,-1.121588934842038,3039456509,,,,
usq,-39.4028854370117,-40.2385215759277,4.489559038874709,-1.8509171889194518,3039473176,,,,
usq,-38.4473800659179,-38.971435546875,4.302600538382604,-2.8731436212943557,3039489843,,,,
usq,-37.3703994750976,-37.5660781860351,3.965669496733739,-3.993769073042033,3039506510,,,,
usq,-36.3657760620117,-36.3787193298339,3.5727551185944466,-4.997649235049629,3039523177,,,,
usq,-35.368782043457,-35.4875793457031,3.214694914446053,-5.694950684142222,3039539844,,,,
usq,-34.2557983398437,-34.737937927246,2.9635824180605863,-5.961686852692357,3039556511,,,,
usq,-32.841251373291,-33.9138145446777,2.8624373218292463,-5.7649115994379265,3039573178,,,,
usq,-31.3487854003906,-32.9149551391601,2.9209275832777837,-5.166375594903626,3039589845,,,,
usq,-29.9324722290039,-31.5804767608642,3.117413197393777,-4.304014085704709,3039606512,,,,
usq,-28.6700477600097,-29.8952026367187,3.406659428161487,-3.356667926200082,3039623179,,,,
usq,-27.6345520019531,-28.1407203674316,3.731457004798592,-2.5021203231454843,3039639846,,,,
usq,-26.7451019287109,-26.6724987030029,4.035629380064736,-1.8799837975707727,3039656513,,,,
usq,-25.9800453186035,-25.6550750732421,4.275735693947995,-1.568394613893829,3039673180,,,,
usq,-25.2974052429199,-25.0495166778564,4.429053468459794,-1.578018028149947,3039689847,,,,
usq,-24.7034263610839,-24.6988143920898,4.496082587947471,-1.8611471003335753,3039706514,,,,
usq,-24.0004997253418,-24.4048118591308,4.496984554432116,-2.330136824118441,3039723181,,,,
usq,-23.1814193725585,-24.0402717590332,4.463015151430236,-2.878938905658621,3039739848,,,,
usq,-22.4045181274414,-23.7136116027832,4.425631353737469,-3.4032324730450885,3039756515,,,,
usq,-21.7470016479492,-23.5550537109375,4.406797635905393,-3.816881902354012,3039773182,,,,
usq,-21.112922668457,-23.486909866333,4.413571176240025,-4.063828392017198,3039789849,,,,
usq,-20.5384979248046,-23.3037719726562,4.438451884365926,-4.124728846022323,3039806516,,,,
usq,-20.0807571411132,-22.8929538726806,4.464932393325505,-4.017392292102752,3039823183,,,,
usq,-19.8044357299804,-22.4842548370361,4.475931203128423,-3.7903468074018076,3039839850,,,,
usq,-19.7172126770019,-22.3182926177978,4.461851312304182,-3.510209135361186,3039856517,,,,
usq,-19.7612686157226,-22.343786239624,4.4251633301737625,-3.245501658704314,3039873184,,,,
usq,-19.8679084777832,-22.4077796936035,4.379724547204794,-3.0510606995019347,3039889851,,,,
usq,-19.9013786315918,-22.4965534210205,4.345156578187705,-2.9572018057609735,3039906518,,,,
usq,-19.9853553771972,-22.6335544586181,4.338663475631219,-2.9661866777055312,3039923185,,,,
usq,-20.3555870056152,-22.8964099884033,4.367692143670307,-3.056057531944254,3039939852,,,,
usq,-21.0686225891113,-23.3212051391601,4.426331559341375,-3.1897423925234305,3039956519,,,,
usq,-21.8319778442382,-23.9059295654296,4.496665997791229,-3.3262924096631745,3039973186,,,,
usq,-22.4087867736816,-24.6009578704834,4.5543061194913745,-3.4312446066758047,3039989853,,,,
usq,-22.9174728393554,-25.3225688934326,4.5758210813930615,-3.4839543210698958,3040006520,,,,
usq,-23.5856819152832,-26.0952033996582,4.545260620402785,-3.4808270048061045,3040023187,,,,
usq,-24.5297470092773,-26.8762626647949,4.457555764602069,-3.4343969802638092,3040039854,,,,
usq,-25.7360191345214,-27.6611289978027,4.318087793094023,-3.368969890990543,3040056521,,,,
usq,-26.9741859436035,-28.4884452819824,4.139407736724257,-3.31398887651813,3040073188,,,,
usq,-28.1350669860839,-29.4333209991455,3.9371124415681042,-3.2964750323436296,3040089855,,,,
usq,-29.2176780700683,-30.5243129730224,3.7267807737582577,-3.333975057534792,3040106522,,,,
usq,-30.0763282775878,-31.7022953033447,3.522838943753414,-3.4294701000425256,3040123189,,,,
usq,-30.9837417602539,-32.8668022155761,3.3389103731696737,-3.5695462742584856,3040139856,,,,
usq,-32.2020683288574,-34.0771598815918,3.188336974428191,-3.726629412539609,3040156523,,,,
usq,-33.8148689270019,-35.404613494873,3.083552290161185,-3.8651776320392686,3040173190,,,,
usq,-35.5823440551757,-36.7201271057128,3.0337623302032144,-3.950555209881452,3040189857,,,,
usq,-37.230972290039,-37.9902725219726,3.041487073267347,-3.958279866479462,3040206524,,,,
usq,-38.754280090332,-39.3898887634277,3.0993834394263344,-3.8809527639568873,3040223191,,,,
usq,-40.1280975341796,-40.9519500732421,3.189000122562883,-3.730731400932196,3040239858,,,,
usq,-41.2200698852539,-42.3619880676269,3.282579392936153,-3.5365159886014808,3040256525,,,,
usq,-42.1163330078125,-43.6575241088867,3.3479445752226873,-3.336596640909644,3040273192,,,,
usq,-42.89208984375,-45.1887092590332,3.355358096423791,-3.1688518989861376,3040289859,,,,
usq,-43.4799728393554,-46.94136428833,3.2844245021059852,-3.061326279245038,3040306526,,,,
usq,-43.844253540039,-48.6234893798828,3.1288850529844368,-3.025884951305231,3040323193,,,,
usq,-43.9332733154296,-50.1041564941406,2.897677866649037,-3.056590709395781,3040339860,,,,
usq,-43.7053833007812,-51.4244308471679,2.6119498130296215,-3.1328087582852806,3040356527,,,,
usq,-43.2461700439453,-52.5863456726074,2.2993343521016874,-3.2255177698742123,3040373194,,,,
usq,-42.7704544067382,-53.5544548034668,1.987854584819,-3.3045724882765053,3040389861,,,,
usq,-42.268081665039,-54.3245239257812,1.7016477494214035,-3.3449487002213867,3040406528,,,,
usq,-41.6808395385742,-54.9363784790039,1.4594837679065782,-3.330943602784177,3040423195,,,,
usq,-40.9714202880859,-55.3634872436523,1.275487486247786,-3.258229132247971,3040439862,,,,
usq,-40.2331390380859,-55.5823822021484,1.1604063093900265,-3.1340787218710906,3040456529,,,,
usq,-39.6190719604492,-55.76904296875,1.1217665305276592,-2.976059815226227,3040473196,,,,
usq,-39.1507949829101,-55.9085311889648,1.1623193230484288,-2.8093975976840917,3040489863,,,,
usq,-38.8202209472656,-55.8626327514648,1.2776032166256162,-2.6632688051675872,3040506530,,,,
usq,-38.6961822509765,-55.7230148315429,1.4543120088697057,-2.566338030416502,3040523197,,,,
usq,-38.7644500732421,-55.524112701416,1.6709397888137576,-2.5418300572940966,3040539864,,,,
usq,-39.0300827026367,-55.2014045715332,1.901084991354008,-2.602556795590411,3040556531,,,,
usq,-39.4287872314453,-54.7280540466308,2.118541145616941,-2.7467433618932238,3040573198,,,,
usq,-39.9611129760742,-54.1372947692871,2.3025928274696934,-2.9559709244548356,3040589865,,,,
usq,-40.590835571289,-53.4230575561523,2.442023985606907,-3.1965768299849584,3040606532,,,,
usq,-41.302375793457,-52.6172828674316,2.536914967890908,-3.425146449530015,3040623199,,,,
usq,-41.8992462158203,-51.6158599853515,2.5978419015109133,-3.597481421829884,3040639866,,,,
usq,-42.2878646850586,-50.4743576049804,2.6424392869225484,-3.6791289410950863,3040656533,,,,
usq,-42.538459777832,-49.302936553955,2.6897678356584764,-3.654688907210255,3040673200,,,,
usq,-42.6882095336914,-47.9929008483886,2.7538378100150585,-3.5329975294384095,3040689867,,,,
usq,-42.7534713745117,-46.6782836914062,2.838606135101397,-3.3460907422975468,3040706534,,,,
usq,-42.5889511108398,-45.4249649047851,2.936836943552864,-3.141547237027682,3040723201,,,,
usq,-42.1517944335937,-44.2223052978515,3.0337559759284853,-2.969990310858902,3040739868,,,,
usq,-41.4199523925781,-43.0987396240234,3.113994735151354,-2.871410485854103,3040756535,,,,
usq,-40.4126892089843,-41.8155670166015,3.168470263510537,-2.864711332067152,3040773202,,,,
usq,-39.2130661010742,-40.4783210754394,3.1979194671575435,-2.9439854601280038,3040789869,,,,
usq,-37.8369216918945,-38.9615859985351,3.2117545153669806,-3.082678445962582,3040806536,,,,
usq,-36.3336715698242,-37.4499015808105,3.2233456266182614,-3.243881887997739,3040823203,,,,
usq,-35.0364990234375,-36.3370285034179,3.2442941958161096,-3.392734252541172,3040839870,,,,
usq,-33.9858818054199,-35.5276870727539,3.2802715347858475,-3.506282220910438,3040856537,,,,
usq,-33.0468063354492,-34.4809265136718,3.330047668371858,-3.5774311949284985,3040873204,,,,
usq,-32.0830116271972,-33.2610855102539,3.38803153162066,-3.6121923719985807,3040889871,,,,
usq,-31.004653930664,-32.0739555358886,3.449254234766092,-3.6221552083676327,3040906538,,,,
usq,-29.9542007446289,-31.0538749694824,3.5144198497248698,-3.6158387658626454,3040923205,,,,
usq,-28.9376220703125,-30.1450500488281,3.591981257527798,-3.5927049843295067,3040939872,,,,
usq,-27.8146705627441,-29.0939006805419,3.6950423144998763,-3.5423037011595757,3040956539,,,,
usq,-26.6836166381835,-27.9621753692626,3.833523068817381,-3.448946317631535,3040973206,,,,
usq,-25.6336059570312,-27.0578269958496,4.0052598835042446,-3.300214303404845,3040989873,,,,
usq,-24.7155799865722,-26.5067996978759,4.191268693402776,-3.096041079799208,3041006540,,,,
usq,-24.0573463439941,-26.1612529754638,4.358733677921293,-2.8544999861939986,3041023207,,,,
usq,-23.4555511474609,-25.7083263397216,4.471236963134472,-2.6111833746861564,3041039874,,,,
usq,-22.7179985046386,-25.0483932495117,4.502015406978432,-2.4112463748388366,3041056541,,,,
usq,-21.8420639038085,-24.4274387359619,4.444755586518936,-2.296201902310802,3041073208,,,,
usq,-21.0462036132812,-24.0906982421875,4.317672067893336,-2.29010252648673,3041089875,,,,
usq,-20.5385398864746,-24.0181217193603,4.159182284656998,-2.39049609670286,3041106542,,,,
usq,-20.3272476196289,-24.0085010528564,4.01641169323411,-2.567985647729673,3041123209,,,,
usq,-20.4467544555664,-23.980297088623,3.930361365784717,-2.7749962967281454,3041139876,,,,
usq,-20.7518920898437,-24.0247821807861,3.9229960790367464,-2.960785047029261,3041156543,,,,
usq,-21.0407981872558,-24.2089748382568,3.9909733447624482,-3.0872239731897766,3041173210,,,,
usq,-21.2624206542968,-24.4639797210693,4.108210085643818,-3.1395088918745646,3041189877,,,,
usq,-21.409065246582,-24.6958637237548,4.235968993475879,-3.128029363391997,3041206544,,,,
usq,-21.6201477050781,-24.9516124725341,4.33622823246686,-3.0813849300967533,3041223211,,,,
usq,-21.8824272155761,-25.255651473999,4.383145776349219,-3.0341641261101584,3041239878,,,,
usq,-22.2012023925781,-25.6319217681884,4.368788604594368,-3.0148093093129207,3041256545,,,,
usq,-22.6587257385253,-26.1403331756591,4.302075090061154,-3.0379853258170715,3041273212,,,,
usq,-23.2528228759765,-26.7760963439941,4.202604775271436,-3.103176477224597,3041289879,,,,
usq,-23.9151420593261,-27.4773006439209,4.0925853363334825,-3.1984152259887932,3041306546,,,,
usq,-24.7229194641113,-28.1448154449462,3.9900442083921344,-3.306448993098119,3041323213,,,,
usq,-25.6259956359863,-28.8396682739257,3.90527920040367,-3.4106137357225,3041339880,,,,
usq,-26.4744071960449,-29.6370792388916,3.8408170028301334,-3.4986884354417116,3041356547,,,,
usq,-27.2635688781738,-30.5955638885498,3.793764540360792,-3.564308536318777,3041373214,,,,
usq,-28.1529541015625,-31.5694618225097,3.7588149481376996,-3.6065493695030946,3041389881,,,,
usq,-29.2476425170898,-32.5152206420898,3.730424563687278,-3.6287103362144975,3041406548,,,,
usq,-30.4355926513671,-33.5441436767578,3.703582141094572,-3.6370605485458865,3041423215,,,,
usq,-31.6303672790527,-34.6947402954101,3.6735984686482395,-3.639651486941408,3041439882,,,,
usq,-32.8478851318359,-35.8920974731445,3.635865316018877,-3.6448335459991825,3041456549,,,,
usq,-33.9961128234863,-37.1445083618164,3.5863463083331584,-3.659227654084163,3041473216,,,,
usq,-35.0692977905273,-38.4210586547851,3.522909825591588,-3.6854744981053997,3041489883,,,,
usq,-36.1325531005859,-39.7371253967285,3.4469230241723166,-3.7206012126090364,3041506550,,,,
usq,-37.297119140625,-41.1349906921386,3.364138732792975,-3.7558571450558755,3041523217,,,,
usq,-38.5672073364257,-42.6730651855468,3.2840106001853404,-3.778314895886095,3041539884,,,,
usq,-39.7477035522461,-44.3320541381835,3.217177971572035,-3.7737774006657143,3041556551,,,,
usq,-40.7754669189453,-46.1201019287109,3.1717311777480637,-3.7300945362552245,3041573218,,,,
usq,-41.6569900512695,-47.8920593261718,3.149557762045029,-3.640086089757731,3041589885,,,,
usq,-42.2640075683593,-49.4728698730468,3.144196666811451,-3.5036317779468455,3041606552,,,,
usq,-42.5857467651367,-50.8337974548339,3.1411103177705417,-3.3287450699615384,3041623219,,,,
usq,-42.7537155151367,-52.0712165832519,3.1203848919516037,-3.1314942556007215,3041639886,,,,
usq,-42.5941848754882,-53.1717300415039,3.0610433988118917,-2.9346129560023617,3041656553,,,,
usq,-42.1068649291992,-54.2187194824218,2.9457926953269813,-2.764678713360588,3041673220,,,,
usq,-41.467170715332,-55.2317886352539,2.7651923716819624,-2.647871899182037,3041689887,,,,
usq,-40.8690567016601,-56.1274986267089,2.520633267273773,-2.604630703758505,3041706554,,,,
usq,-40.3811340332031,-56.8685493469238,2.225744983545894,-2.644075484317846,3041723221,,,,
usq,-39.9658889770507,-57.3935813903808,1.9058321817686634,-2.7597328998776973,3041739888,,,,
usq,-39.6227264404296,-57.7970466613769,1.5950117654260727,-2.9283763657944655,3041756555,,,,
usq,-39.3508682250976,-58.1874465942382,1.3312073455909696,-3.113285294295296,3041773222,,,,
usq,-39.1641616821289,-58.5064582824707,1.1499016933688393,-3.2719335545243364,3041789889,,,,
usq,-39.0018539428711,-58.6542587280273,1.0780679577919081,-3.3665264722010453,3041806556,,,,
usq,-38.7690658569336,-58.6136093139648,1.1296569942501256,-3.3745558823204167,3041823223,,,,
usq,-38.5690689086914,-58.4687614440918,1.3034688163236716,-3.2961581404670377,3041839890,,,,
usq,-38.5309219360351,-58.2284965515136,1.5835213841170468,-3.1557556330157164,3041856557,,,,
usq,-38.7342147827148,-57.8154411315918,1.941487696376778,-2.997034618013022,3041873224,,,,
usq,-39.1835174560546,-57.196720123291,2.340534437431723,-2.87222625530327,3041889891,,,,
usq,-39.8159408569336,-56.3877563476562,2.7399035702855468,-2.828331204630308,3041906558,,,,
usq,-40.5279312133789,-55.3444747924804,3.0997063125853677,-2.893966013256065,3041923225,,,,
usq,-41.1372604370117,-54.0911865234375,3.3855144196232656,-3.070695110703812,3041939892,,,,
usq,-41.615852355957,-52.6438331604003,3.57234533488583,-3.3318742554150287,3041956559,,,,
usq,-42.0199432373046,-50.8252868652343,3.647587799608821,-3.6300485796053295,3041973226,,,,
usq,-42.1954803466796,-49.0269546508789,3.6124402274389715,-3.911024948172306,3041989893,,,,
usq,-42.0050811767578,-47.5070190429687,3.4815856096718263,-4.129807253525724,3042006560,,,,
usq,-41.5569381713867,-45.6564407348632,3.2810500439649073,-4.26228762794553,3042023227,,,,
usq,-40.943862915039,-43.2844123840332,3.0444758050544434,-4.308248714903868,3042039894,,,,
usq,-40.222785949707,-41.217487335205,2.808379689448147,-4.285377178979848,3042056561,,,,
usq,-39.4095153808593,-40.0783424377441,2.6072270177499672,-4.21818936150872,3042073228,,,,
usq,-38.4816055297851,-39.4280586242675,2.469159684192657,-4.127480235144316,3042089895,,,,
usq,-37.4402313232421,-38.3905181884765,2.412952350741413,-4.024511222951115,3042106562,,,,
usq,-36.3521270751953,-36.9908485412597,2.4463596618194274,-3.911153632033161,3042123229,,,,
usq,-35.2564086914062,-35.4605369567871,2.5656705500922765,-3.7846024642716745,3042139896,,,,
usq,-34.4120864868164,-33.9944381713867,2.7562725662905083,-3.643967346651627,3042156563,,,,
usq,-33.932373046875,-32.8102226257324,2.9944456997826245,-3.495762364777337,3042173230,,,,
usq,-33.5413742065429,-31.8602809906005,3.2510205020561105,-3.3557162643262894,3042189897,,,,
usq,-32.9116096496582,-30.7659358978271,3.497125827124918,-3.2455782348480873,3042206564,,,,
usq,-31.9682846069335,-29.5632896423339,3.7107120572995616,-3.1857288405004827,3042223231,,,,
usq,-30.5322380065918,-28.4432048797607,3.880947631148079,-3.1865847905294897,3042239898,,,,
usq,-28.4707107543945,-27.4405765533447,4.007853394659304,-3.2427005109979565,3042256565,,,,
usq,-26.1851501464843,-26.6061725616455,4.097303251458858,-3.332444623393226,3042273232,,,,
usq,-24.3255424499511,-26.0141983032226,4.154805484583923,-3.4237192012886797,3042289899,,,,
usq,-23.2468643188476,-25.3336906433105,4.182287354716385,-3.4836990598664928,3042306566,,,,
usq,-22.845890045166,-24.4858322143554,4.179601966260733,-3.4890880468579195,3042323233,,,,
usq,-22.5384826660156,-23.4886074066162,4.148905428965946,-3.4332610095198026,3042339900,,,,
usq,-22.0582122802734,-22.6333274841308,4.098269923637688,-3.327678896295419,3042356567,,,,
usq,-21.5342750549316,-21.9288578033447,4.04174264116012,-3.1968428971771172,3042373234,,,,
usq,-20.9488067626953,-21.5803680419921,3.9953804205014056,-3.068487759115403,3042389901,,,,
usq,-20.5238876342773,-21.289207458496,3.9710833190782795,-2.962987977367703,3042406568,,,,
usq,-20.3067359924316,-21.1832447052001,3.971357611282181,-2.886803111064976,3042423235,,,,
usq,-20.1011581420898,-21.120922088623,3.9879354747926223,-2.8331835350784895,3042439902,,,,
usq,-19.7589721679687,-21.1484107971191,4.005392492065466,-2.7896385070913206,3042456569,,,,
usq,-19.3557624816894,-21.1613826751709,4.008267989592918,-2.7478397415490328,3042473236,,,,
usq,-19.0710182189941,-21.1687755584716,3.988169949345942,-2.7101883611475923,3042489903,,,,
usq,-18.986961364746,-21.2624473571777,3.947272444479621,-2.689309470078146,3042506570,,,,
usq,-19.0350036621093,-21.3547134399414,3.8966598839923585,-2.7009699590577863,3042523237,,,,
usq,-19.1164512634277,-21.4050197601318,3.8508530745185094,-2.7546217816104996,3042539904,,,,
usq,-19.3374938964843,-21.5135250091552,3.8216967833152644,-2.846839868677302,3042556571,,,,
usq,-19.7714080810546,-21.7710533142089,3.8145402186860276,-2.9610690732812106,3042573238,,,,
usq,-20.3593559265136,-22.1869144439697,3.8277604317629073,-3.0736312914379655,3042589905,,,,
usq,-21.0623931884765,-22.6392726898193,3.854633947031457,-3.16282714021316,3042606572,,,,
usq,-21.7289009094238,-23.0915718078613,3.8857067351565595,-3.216769931100163,3042623239,,,,
usq,-22.3384323120117,-23.5415153503417,3.9104745432337547,-3.2367022797886906,3042639906,,,,
usq,-23.035789489746,-24.0167903900146,3.9185220697329877,-3.235040145320801,3042656573,,,,
usq,-23.9403610229492,-24.584566116333,3.9010169890734803,-3.229742472534869,3042673240,,,,
usq,-24.7846946716308,-25.263572692871,3.853002290318211,-3.237709080691216,3042689907,,,,
usq,-25.5652084350585,-26.0624923706054,3.775769582583133,-3.269620021122051,3042706574,,,,
usq,-26.3524284362793,-27.078649520874,3.677812422605199,-3.327574773174587,3042723241,,,,
usq,-27.2382621765136,-28.2808475494384,3.5732062699268146,-3.4058005455180442,3042739908,,,,
usq,-28.3584976196289,-29.5035343170166,3.4775810180117106,-3.493852329390846,3042756575,,,,
usq,-29.7254409790039,-30.5478000640869,3.403231740967571,-3.5810216302746816,3042773242,,,,
usq,-31.1580390930175,-31.5682392120361,3.3554279899445154,-3.660171434220772,3042789909,,,,
usq,-32.362003326416,-32.8722648620605,3.331367129017301,-3.729364073690737,3042806576,,,,
usq,-33.4160194396972,-34.342788696289,3.3219384890664574,-3.7907125719261696,3042823243,,,,
usq,-34.5483016967773,-35.7864189147949,3.3152703169564806,-3.8473398489988533,3042839910,,,,
usq,-35.7448959350586,-37.4032897949218,3.300478334935306,-3.900163044942527,3042856577,,,,
usq,-36.8203201293945,-39.1656227111816,3.2702837397635607,-3.945938063849912,3042873244,,,,
usq,-38.252212524414,-40.8336105346679,3.221969430011473,-3.977074471911354,3042889911,,,,
usq,-39.5808563232421,-42.4905738830566,3.1569629319923305,-3.9829784406741204,3042906578,,,,
usq,-40.5140304565429,-44.2074241638183,3.0797027514791653,-3.9524409814589925,3042923245,,,,
usq,-41.2409515380859,-45.9456024169921,2.9963115831044065,-3.876637039586175,3042939912,,,,
usq,-41.7680740356445,-47.5876235961914,2.913286784721768,-3.7523075516819016,3042956579,,,,
usq,-42.1244888305664,-49.0775833129882,2.8362320230880824,-3.584541134832083,3042973246,,,,
usq,-42.4233856201171,-50.4285507202148,2.768656189457624,-3.388371919996475,3042989913,,,,
usq,-42.6100311279296,-51.7052001953125,2.710966026182985,-3.1884110468601574,3043006580,,,,
usq,-42.6642684936523,-52.9327011108398,2.6598775614668404,-3.016083435492814,3043023247,,,,
usq,-42.603530883789,-54.0359344482421,2.6084981528421585,-2.9046451208399624,3043039914,,,,
usq,-42.4188766479492,-54.9866104125976,2.5472506725879853,-2.8827800306679507,3043056581,,,,
usq,-42.1400527954101,-55.8410835266113,2.465644236610064,-2.9680652197744735,3043073248,,,,
usq,-41.8327331542968,-56.569896697998,2.3547222874181646,-3.1618436067294566,3043089915,,,,
usq,-41.5560302734375,-57.1656036376953,2.2099253274967134,-3.4469057805071555,3043106582,,,,
usq,-41.3409881591796,-57.5258636474609,2.0340758531438206,-3.7887815619718137,3043123249,,,,
usq,-41.2488555908203,-57.5413055419921,1.8400858268506726,-4.140534643888501,3043139916,,,,
usq,-41.2216567993164,-57.3432083129882,1.6526957896188266,-4.4500889756471205,3043156583,,,,
usq,-41.1732330322265,-57.0820083618164,1.508175203692788,-4.6686280521697645,3043173250,,,,
usq,-41.1357116699218,-56.6365661621093,1.4507358941194133,-4.758609443486894,3043189917,,,,
usq,-41.0520401000976,-55.8199272155761,1.524783276773831,-4.700230092675362,3043206584,,,,
usq,-41.0238342285156,-54.9402236938476,1.7632713890851477,-4.495440354919123,3043223251,,,,
usq,-41.1446533203125,-54.016616821289,2.1742023353616355,-4.168762937821666,3043239918,,,,
usq,-41.396499633789,-53.0613479614257,2.7291151986121096,-3.764484264536882,3043256585,,,,
usq,-41.8085174560546,-51.8390464782714,3.3583373692837255,-3.3404142400280996,3043273252,,,,
usq,-42.1288909912109,-50.3278541564941,3.9570380273100763,-2.9591007541135617,3043289919,,,,
usq,-42.0414657592773,-48.8067283630371,4.403517828329059,-2.6777773781289373,3043306586,,,,
usq,-41.5122833251953,-47.3685493469238,4.587230232812744,-2.5384626953754226,3043323253,,,,
usq,-40.862190246582,-45.663475036621,4.4399041856584605,-2.5598661243186314,3043339920,,,,
usq,-40.4024047851562,-43.9006195068359,3.960373698677093,-2.733053533296854,3043356587,,,,
usq,-39.9976425170898,-42.306053161621,3.2239395873934953,-3.0225392654198613,3043373254,,,,
usq,-39.4589309692382,-40.8657112121582,2.371087256447753,-3.373158940661268,3043389921,,,,
usq,-38.7471466064453,-39.448184967041,1.5770761889396763,-3.721282166390878,3043406588,,,,
usq,-38.0256729125976,-38.2835540771484,1.0104914060874814,-4.007668445722532,3043423255,,,,
usq,-37.4691467285156,-37.2983932495117,0.7924629704147164,-4.18901003435843,3043439922,,,,
usq,-36.9558715820312,-36.3370780944824,0.9677739027392239,-4.245677583088783,3043456589,,,,
usq,-36.4018859863281,-35.2473068237304,1.4953071985087885,-4.18401158455577,3043473256,,,,
usq,-35.7242279052734,-33.8734817504882,2.259926688461929,-4.032581522695268,3043489923,,,,
usq,-34.7745361328125,-32.4373741149902,3.102376344648199,-3.833208388862503,3043506590,,,,
usq,-33.4385375976562,-31.3220081329345,3.85903524544529,-3.629071241805079,3043523257,,,,
usq,-31.938060760498,-30.5626144409179,4.400360739792075,-3.4533678430189356,3043539924,,,,
usq,-30.2021827697753,-29.8663177490234,4.657057556470234,-3.3220686874492436,3043556591,,,,
usq,-28.2007751464843,-28.9789009094238,4.62743731549245,-3.2329512799846327,3043573258,,,,
usq,-26.4263954162597,-27.8633346557617,4.366726090011491,-3.1707638540622516,3043589925,,,,
usq,-25.1815910339355,-26.5706844329834,3.965364255487367,-3.1161258590772216,3043606592,,,,
usq,-24.5314559936523,-25.4398288726806,3.5251840673022046,-3.0546575703516665,3043623259,,,,
usq,-24.1488037109375,-24.7277355194091,3.1397149413646166,-2.98312676185145,3043639926,,,,
usq,-23.6574249267578,-24.3033294677734,2.8806669677091845,-2.9106668958461315,3043656593,,,,
usq,-23.0868072509765,-23.9508380889892,2.7898379119771337,-2.85482165907559,3043673260,,,,
usq,-22.4769058227539,-23.510835647583,2.8752521595881513,-2.833960286997853,3043689927,,,,
usq,-21.6746826171875,-22.9264488220214,3.1113581383678155,-2.8590373083036256,3043706594,,,,
usq,-20.669017791748,-22.3686923980712,3.444031432233611,-2.9280867840981353,3043723261,,,,
usq,-19.7672080993652,-22.0071125030517,3.800943919430435,-3.025840163669412,3043739928,,,,
usq,-19.2868881225585,-21.8465518951416,4.10654061680435,-3.12870653488958,3043756595,,,,
usq,-19.3494224548339,-21.7023868560791,4.29904643146653,-3.21297667646071,3043773262,,,,
usq,-19.6365203857421,-21.4732780456542,4.34539033589221,-3.262698372218067,3043789929,,,,
usq,-19.7263679504394,-21.3058013916015,4.249474962654088,-3.274020173432068,3043806596,,,,
usq,-19.618839263916,-21.2785263061523,4.050516691663482,-3.2547014647183756,3043823263,,,,
usq,-19.3954391479492,-21.3972244262695,3.811264009127271,-3.21977862353738,3043839930,,,,
usq,-19.1578140258789,-21.62180519104,3.599635822295751,-3.1858093360323534,3043856597,,,,
usq,-19.1306495666503,-21.8816967010498,3.4698306801050856,-3.166149377450134,3043873264,,,,
usq,-19.3959236145019,-22.100341796875,3.4489112113410676,-3.1686190705160313,3043889931,,,,
usq,-19.9237060546875,-22.3967056274414,3.5324374730710164,-3.195437174677359,3043906598,,,,
usq,-20.599006652832,-22.8435516357421,3.689307403077176,-3.24427566337073,3043923265,,,,
usq,-21.3181610107421,-23.3870010375976,3.8730983948646394,-3.3092277004467925,3043939932,,,,
usq,-22.0553894042968,-24.0237293243408,4.035751105915127,-3.381248967685312,3043956599,,,,
usq,-22.7932662963867,-24.7312679290771,4.139496587912238,-3.448565683882527,3043973266,,,,
usq,-23.5578994750976,-25.4667720794677,4.164123916067701,-3.497959870269536,3043989933,,,,
usq,-24.3445167541503,-26.2157649993896,4.108431020389583,-3.5175125042915334,3044006600,,,,
usq,-25.2548904418945,-27.0206890106201,3.9864289689584766,-3.5005676427812826,3044023267,,,,
usq,-26.326675415039,-27.9052963256835,3.8201899349264408,-3.449824612807981,3044039934,,,,
usq,-27.4299736022949,-28.8659534454345,3.6319224958708376,-3.3799423782722595,3044056601,,,,
usq,-28.5270805358886,-29.8727474212646,3.437804815086473,-3.3170624262982296,3044073268,,,,
usq,-29.6196975708007,-30.9691886901855,3.2453228269050816,-3.2942755402637145,3044089935,,,,
usq,-30.7694091796875,-32.1292190551757,3.0545810520334706,-3.3431856018733783,3044106602,,,,
usq,-31.974868774414,-33.3221778869628,2.8626871633206377,-3.483156184442852,3044123269,,,,
usq,-33.2285575866699,-34.5797996520996,2.669288595620549,-3.7112012319618843,3044139936,,,,
usq,-34.6351699829101,-35.9484062194824,2.480970490175824,-3.9962393125801032,3044156603,,,,
usq,-36.009765625,-37.4826126098632,2.3126115338801676,-4.2809772145926015,3044173270,,,,
usq,-37.4704360961914,-38.98876953125,2.1848175378188257,-4.492761855586598,3044189937,,,,
usq,-38.8949737548828,-40.4871139526367,2.117935382100483,-4.5617095784348125,3044206604,,,,
usq,-40.0992813110351,-42.1377792358398,2.1245193330030863,-4.441302120753174,3044223271,,,,
usq,-40.9228591918945,-43.884593963623,2.203000858826868,-4.124790512924017,3044239938,,,,
usq,-41.5533905029296,-45.5831108093261,2.335218224741772,-3.6513030065405263,3044256605,,,,
usq,-41.9652862548828,-47.2846755981445,2.4892545849436045,-3.098702675178019,3044273272,,,,
usq,-42.1354217529296,-49.0069961547851,2.627184740045373,-2.564879740133088,3044289939,,,,
usq,-42.1365203857421,-50.5625686645507,2.7156282238739364,-2.143335240497284,3044306606,,,,
usq,-42.1831436157226,-51.9798889160156,2.7359832919194376,-1.9008414891384262,3044323273,,,,
usq,-42.3587570190429,-53.3523063659668,2.6910375557984936,-1.8639384053799424,3044339940,,,,
usq,-42.3461761474609,-54.7070617675781,2.6054069547877767,-2.017621706526642,3044356607,,,,
usq,-41.900764465332,-56.0703468322753,2.5189870654574036,-2.3153073420781825,3044373274,,,,
usq,-41.1738204956054,-57.3303680419921,2.474956507277815,-2.695733445559399,3044389941,,,,
usq,-40.5169219970703,-58.2852554321289,2.5059832510788564,-3.1009900750985278,3044406608,,,,
usq,-40.1871337890625,-58.8984413146972,2.623191079657701,-3.49039296397599,3044423275,,,,
usq,-40.2352981567382,-59.2981376647949,2.811664297183009,-3.846726102998645,3044439942,,,,
usq,-40.4477767944336,-59.5686416625976,3.034033739854697,-4.173710091218741,3044456609,,,,
usq,-40.5374145507812,-59.7409400939941,3.2408232304952618,-4.485968961240292,3044473276,,,,
usq,-40.3693313598632,-59.8118705749511,3.383878813869327,-4.794923214275886,3044489943,,,,
usq,-40.0702896118164,-59.7578239440918,3.428346453879205,-5.095415164895325,3044506610,,,,
usq,-39.8609924316406,-59.5447578430175,3.3596403386457827,-5.357948126932833,3044523277,,,,
usq,-39.8819580078125,-59.0714797973632,3.1840861912210943,-5.530017474320798,3044539944,,,,
usq,-40.1212158203125,-58.3245773315429,2.9242860138605216,-5.547433381247629,3044556611,,,,
usq,-40.5199737548828,-57.3799018859863,2.6117271603248398,-5.353444122619163,3044573278,,,,
usq,-41.033821105957,-56.2693252563476,2.2794185135040297,-4.920683339176054,3044589945,,,,
usq,-41.6065292358398,-54.9710655212402,1.9566695115334767,-4.269252172519681,3044606612,,,,
usq,-42.1340637207031,-53.8450622558593,1.6670113625656804,-3.4742347581994144,3044623279,,,,
usq,-42.5411987304687,-52.3408851623535,1.4290377381691155,-2.658114065409852,3044639946,,,,
usq,-42.8237228393554,-50.3262062072753,1.2588521950203777,-1.9678754866423638,3044656613,,,,
usq,-43.0504989624023,-48.1308898925781,1.1721627172533258,-1.5418479615624117,3044673280,,,,
usq,-43.176513671875,-46.3177757263183,1.184207356735507,-1.4752825143584047,3044689947,,,,
usq,-43.2250137329101,-45.5169830322265,1.3067377780682143,-1.7944681988872282,3044706614,,,,
usq,-43.2607269287109,-45.6408004760742,1.5428930270883991,-2.4467712935273482,3044723281,,,,
usq,-43.3465499877929,-45.9300651550293,1.882184685771622,-3.3097140958621156,3044739948,,,,
usq,-43.310546875,-45.7954406738281,2.2980845789303217,-4.217405914509892,3044756615,,,,
usq,-42.9997024536132,-44.9593658447265,2.7495672568210123,-4.998029955317378,3044773282,,,,
usq,-42.2886199951171,-43.7957344055175,3.1862241027385156,-5.512620444332255,3044789949,,,,
usq,-41.2047119140625,-42.8299598693847,3.5555120704854657,-5.684558741373925,3044806616,,,,
usq,-40.0617370605468,-41.9367485046386,3.8108155330702416,-5.51199100481738,3044823283,,,,
usq,-38.9379501342773,-40.6903076171875,3.919546059207004,-5.060825145662954,3044839950,,,,
usq,-38.0510482788086,-39.1575088500976,3.870400578245508,-4.441899346101202,3044856617,,,,
usq,-37.7436065673828,-37.7259902954101,3.678031197482908,-3.780274891669266,3044873284,,,,
usq,-37.4237899780273,-36.7240715026855,3.382906677473827,-3.1861785913997633,3044889951,,,,
usq,-36.495376586914,-36.0482063293457,3.045220107719351,-2.735492721485523,3044906618,,,,
usq,-35.0759735107421,-35.2960472106933,2.733971975635526,-2.4634430491424446,3044923285,,,,
usq,-33.4758987426757,-34.4378547668457,2.5141338240865747,-2.370025741784195,3044939952,,,,
usq,-32.114143371582,-33.843879699707,2.4347964203048664,-2.4319731694283524,3044956619,,,,
usq,-31.311351776123,-33.4572296142578,2.5199351752000823,-2.615069504979466,3044973286,,,,
usq,-30.953441619873,-32.9332122802734,2.7625123459823047,-2.882245269231301,3044989953,,,,
usq,-30.7431182861328,-32.1853599548339,3.1229219580818137,-3.195922583172637,3045006620,,,,
usq,-30.5310974121093,-31.4578952789306,3.5334483485100203,-3.5162091566454343,3045023287,,,,
usq,-30.169937133789,-30.9242801666259,3.910000830044954,-3.7986686693170313,3045039954,,,,
usq,-29.617820739746,-30.6549415588378,4.170361043364737,-3.995734967932871,3045056621,,,,
usq,-28.9880485534668,-30.5019340515136,4.255333229089998,-4.064060500204033,3045073288,,,,
usq,-28.4351577758789,-30.3404731750488,4.146948836275709,-3.976750956557304,3045089955,,,,
usq,-27.9923858642578,-30.0599021911621,3.8774354898743026,-3.736082274374902,3045106622,,,,
usq,-27.6406364440918,-29.5816898345947,3.524528674974699,-3.380763341694743,3045123289,,,,
usq,-27.331687927246,-29.0201892852783,3.1925871261634495,-2.983078221197053,3045139956,,,,
usq,-27.069538116455,-28.490623474121,2.9837717945381987,-2.634792141219197,3045156623,,,,
usq,-26.7968940734863,-28.1471481323242,2.9675918435327837,-2.4249084927786253,3045173290,,,,
usq,-26.4760932922363,-27.9560165405273,3.1587018822853143,-2.415478890270851,3045189957,,,,
usq,-26.2200088500976,-27.9050331115722,3.5109274500612613,-2.6226389144758775,3045206624,,,,
usq,-26.1328659057617,-28.0287132263183,3.9303787166342743,-3.008736062274329,3045223291,,,,
usq,-26.1675834655761,-28.2471370697021,4.303919009920583,-3.4884187203190993,3045239958,,,,
usq,-26.2528076171875,-28.4291725158691,4.533742671905252,-3.9478158511902413,3045256625,,,,
usq,-26.2427673339843,-28.513032913208,4.566576577165476,-4.272464605416088,3045273292,,,,
usq,-26.0746307373046,-28.4475727081298,4.407937074435796,-4.377235709178397,3045289959,,,,
usq,-26.2262802124023,-28.2100276947021,4.11729713090771,-4.230560895366141,3045306626,,,,
usq,-26.7822532653808,-27.9562950134277,3.786928894603376,-3.8658837838146853,3045323293,,,,
usq,-27.0910835266113,-27.4872856140136,3.5127407014217877,-3.3756530220570107,3045339960,,,,
usq,-27.274356842041,-27.6921939849853,3.3672680653124285,-2.887718032305884,3045356627,,,,
usq,-27.5807342529296,-28.4077453613281,3.382717452597831,-2.5301206999810355,3045373294,,,,
usq,-28.0904998779296,-29.2168998718261,3.5473162177123103,-2.395415657802008,3045389961,,,,
usq,-28.7722282409668,-29.8198509216308,3.813595278180514,-2.5163950665915022,3045406628,,,,
usq,-29.4946212768554,-30.444616317749,4.114231029045125,-2.8604745735956323,3045423295,,,,
usq,-30.1587142944335,-31.2100315093994,4.380090040180583,-3.342756077469884,3045439962,,,,
usq,-30.8505172729492,-32.0254974365234,4.555753938346515,-3.8517893473270246,3045456629,,,,
usq,-31.5690956115722,-32.8720054626464,4.609422690273269,-4.279315954182081,3045473296,,,,
usq,-32.207405090332,-33.7495765686035,4.5360941045762715,-4.545685212671128,3045489963,,,,
usq,-32.7692489624023,-34.575927734375,4.354725755914428,-4.615205173688644,3045506630,,,,
usq,-33.2956657409668,-35.3123092651367,4.101260885264364,-4.499240337229935,3045523297,,,,
usq,-33.9165496826171,-35.9563980102539,3.8197824900931616,-4.248174042555466,3045539964,,,,
usq,-34.6580810546875,-36.6337127685546,3.553789199921925,-3.9355938056976068,3045556631,,,,
usq,-35.4018630981445,-37.4117584228515,3.3389937255614357,-3.6390971760496473,3045573298,,,,
usq,-36.1285934448242,-38.264289855957,3.1984769316972717,-3.422233299804128,3045589965,,,,
usq,-36.8190383911132,-39.1843032836914,3.1406284256231807,-3.3215103558587153,3045606632,,,,
usq,-37.4371871948242,-40.1452026367187,3.1599358277023297,-3.3411325697198127,3045623299,,,,
usq,-38.0162277221679,-41.0890884399414,3.2401769485661327,-3.4562175886454263,3045639966,,,,
usq,-38.5867080688476,-42.1401672363281,3.3589993913580134,-3.6229941410607207,3045656633,,,,
usq,-39.0780334472656,-43.3336486816406,3.4925781698982643,-3.7925443443410067,3045673300,,,,
usq,-39.5060577392578,-44.6422424316406,3.6193065767949437,-3.923800829087586,3045689967,,,,
usq,-39.9021987915039,-45.9731292724609,3.7221747641785337,-3.99216327759273,3045706634,,,,
usq,-40.2563095092773,-47.1032333374023,3.7900946880837814,-3.992020910466345,3045723301,,,,
usq,-40.568977355957,-48.0250663757324,3.8184722161068834,-3.933815366142594,3045739968,,,,
usq,-40.8227233886718,-48.9264106750488,3.808927668496393,-3.83799716348377,3045756635,,,,
usq,-40.9875946044921,-49.9943771362304,3.76787158974011,-3.728574160783977,3045773302,,,,
usq,-41.0826339721679,-51.2161827087402,3.7040823026030516,-3.6279814166222324,3045789969,,,,
usq,-41.110366821289,-52.3159561157226,3.626127352793912,-3.5536183767403755,3045806636,,,,
usq,-41.0105972290039,-53.1568374633789,3.5406481396871126,-3.5156355036644933,3045823303,,,,
usq,-40.7302551269531,-53.8481826782226,3.4519618846044464,-3.515711199801956,3045839970,,,,
usq,-40.2976837158203,-54.5788879394531,3.362666354261342,-3.5470974632042407,3045856637,,,,
usq,-39.7928924560546,-55.3447380065918,3.2745632678879297,-3.5963899912647035,3045873304,,,,
