Label,Left_Hip_q,Right_Hip_q,Left_Hip_qd,Right_Hip_qd,SampleTimeFine
sq,-8.38541564941406,-9.60050354003906,-5.20038604736328,12.0129585266113,468133810
sq,-8.46862182617187,-9.40829620361328,-5.848934593416514,10.213289423912723,468150477
sq,-8.56217346191406,-9.24498138427734,-6.6969770222637095,7.852200307344125,468167144
sq,-8.68428955078125,-9.12713012695312,-7.393280496713,5.663011831191766,468183811
sq,-8.83152923583984,-9.05924377441406,-7.818207965106859,3.784312646957721,468200478
sq,-8.97393188476562,-9.01846466064453,-7.909122473994646,2.2994690493440064,468217145
sq,-9.11065826416016,-8.98113403320312,-7.66747165427732,1.2285072144052251,468233812
sq,-9.21166381835937,-8.95859680175781,-7.149324466603865,0.5351017387862768,468250479
sq,-9.32958374023437,-8.94815979003906,-6.44474267456565,0.14466525303263372,468267146
sq,-9.42296752929687,-8.93463287353516,-5.653698924554557,-0.03288671176271193,468283813
sq,-9.49653778076172,-8.92830047607422,-4.865542186847961,-0.08217092074798307,468300480
sq,-9.57189331054687,-8.92200622558594,-4.146432649293209,-0.06797017510832777,468317147
sq,-9.63744506835937,-8.92102966308594,-3.535836787631659,-0.02966065197237201,468333814
sq,-9.70161590576172,-8.92260894775391,-3.0500519068521728,0.01612314101175765,468350481
sq,-9.76342926025391,-8.92497406005859,-2.6888869164900084,0.06731652333984764,468367148
sq,-9.81068572998047,-8.92659912109375,-2.4417546752457606,0.12661309321469869,468383815
sq,-9.84570465087891,-8.93753967285156,-2.291218742858813,0.19385568136309642,468400482
sq,-9.87096557617187,-8.94058380126953,-2.2142228012996963,0.2633397927312369,468417149
sq,-9.91243133544922,-8.93463287353516,-2.182450127547026,0.3267078982827699,468433816
sq,-9.95003662109375,-8.92558441162109,-2.1631423496803275,0.3797936031020266,468450483
sq,-9.98324737548828,-8.91195068359375,-2.121049554065407,0.43014120232903447,468467150
sq,-10.0137191772461,-8.89935455322266,-2.021846793123125,0.5017003509469289,468483817
sq,-10.0417572021484,-8.88873443603516,-1.837299302574997,0.6343417116872551,468500484
sq,-10.0704360961914,-8.87863311767578,-1.5521355813426572,0.8777069189775979,468517151
sq,-10.0949035644531,-8.86178741455078,-1.1717977310205911,1.2807424490904051,468533818
sq,-10.1113906860352,-8.83979187011719,-0.7292803060820099,1.879641269476462,468550485
sq,-10.1221862792969,-8.81538543701172,-0.28846654164218916,2.687765253185817,468567152
sq,-10.1317230224609,-8.78088531494141,0.059147274554905,3.691386445861408,468583819
sq,-10.1462417602539,-8.73900756835937,0.20744984413383874,4.854402833587622,468600486
sq,-10.1663986206055,-8.66657409667969,0.06037708644117193,6.133149198977425,468617153
sq,-10.1808639526367,-8.56268463134766,-0.43292026708251724,7.499243623661939,468633820
sq,-10.1793380737305,-8.44642791748047,-1.238494149280717,8.965117635602356,468650487
sq,-10.174333190918,-8.30070648193359,-2.204732873762534,10.60462193692566,468667154
sq,-10.1780181884766,-8.11490783691406,-3.049667307751592,12.560390649576508,468683821
sq,-10.1815048217773,-7.87973937988281,-3.379251855644737,15.030737875005157,468700488
sq,-10.2160888671875,-7.60386810302734,-2.739517744942871,18.232524210768194,468717155
sq,-10.2690826416016,-7.30246124267578,-0.6944410000452094,22.34331404950629,468733822
sq,-10.3239990234375,-6.97648773193359,3.088781318556505,27.434956215545846,468750489
sq,-10.3354888916016,-6.56878814697266,8.769881589906465,33.41777025742645,468767156
sq,-10.2341400146484,-6.05683288574219,16.29982639390022,40.015957739137754,468783823
sq,-9.97222290039062,-5.47732696533203,25.426257516266585,46.78938080135175,468800490
sq,-9.50498352050781,-4.77017364501953,35.73314554588413,53.205770631692246,468817157
sq,-8.86670074462891,-3.91997680664062,46.699125227145586,58.75299329579281,468833824
sq,-8.16996917724609,-2.98865661621094,57.760033366421084,63.06610358384784,468850491
sq,-7.28690490722656,-1.88339385986328,68.36883226177008,66.03289857036829,468867158
sq,-6.23455200195312,-0.702432250976562,78.05181199571463,67.8400163394815,468883825
sq,-4.93956909179687,0.492674255371094,86.45800492257422,68.93393159337114,468900492
sq,-3.49778900146484,1.59911956787109,93.39239558737862,69.89750127827462,468917159
sq,-1.90615234375,2.66530456542969,98.82165930303903,71.27507077231516,468933826
sq,-0.409455871582031,3.66421356201172,102.8488502090062,73.40351188068954,468950493
sq,1.12513580322266,4.63618698120117,105.66577047920599,76.30991264497827,468967160
sq,2.89546432495118,5.74544754028321,107.49827089531072,79.71409390433017,468983827
sq,4.73283233642577,7.22593154907227,108.55697119881262,83.13338627321815,469000494
sq,6.34717788696288,8.57648315429688,109.00148009740722,86.04766244051974,469017161
sq,7.92690505981445,9.97611465454102,108.9256365813026,88.06411994053953,469033828
sq,9.67103424072266,11.5412849426269,108.36760662076239,89.02848341042952,469050495
sq,11.6443008422852,13.0072044372559,107.33566900772789,89.05257888929881,469067162
sq,13.5291046142578,14.4440826416016,105.82954654979784,88.45699186064624,469083829
sq,15.0471557617187,15.7854064941406,103.84531927869821,87.6546862714269,469100496
sq,16.4638656616211,17.1671203613281,101.37482210414379,87.0195344486879,469117163
sq,17.9754508972168,18.3502029418945,98.42104442204192,86.78589861015183,469133830
sq,19.7666610717773,19.7164520263672,95.03270348750263,87.0101469980258,469150497
sq,21.650057220459,21.1930488586426,91.33197902013362,87.59770636593703,469167164
sq,23.1019691467285,22.6055702209473,87.50462582253039,88.37207550184962,469183831
sq,24.1874870300293,24.1960395812988,83.75185864906695,89.14891168313994,469200498
sq,25.2765411376953,25.5997489929199,80.23835512774438,89.78478763574797,469217165
sq,26.6496528625488,27.0052169799805,77.07236230359015,90.19032842777955,469233832
sq,28.2022155761719,28.3814643859863,74.32110444649193,90.31774310490347,469250499
sq,29.4108489990234,29.7817558288574,72.03426474330767,90.14163612835584,469267166
sq,30.4703315734863,31.2770751953125,70.25037112569812,89.64719324569597,469283833
sq,31.4689659118652,32.7286933898926,68.9862712104413,88.82900273371511,469300500
sq,32.551123046875,34.1398719787598,68.22749752016213,87.69647119532624,469317167
sq,33.7159523010254,35.5241455078125,67.93233380060875,86.28113445750283,469333834
sq,34.8547920227051,36.9110454559326,68.04651530359288,84.64337246984404,469350501
sq,35.926216506958,38.2772811889648,68.51675629485251,82.87688693575511,469367168
sq,37.0110134124756,39.5758651733398,69.29460789491877,81.10842366512331,469383835
sq,38.1048854827881,40.895059967041,70.32996916502468,79.48923570901552,469400502
sq,39.3169673919678,42.2011207580566,71.5585975502517,78.17485880074177,469417169
sq,40.4039157867432,43.5569576263428,72.89016000511644,77.29254168858174,469433836
sq,41.511743927002,44.6959079742432,74.2050488374603,76.90277001734162,469450503
sq,42.6200241088867,45.7909797668457,75.36715023806589,76.96973704544688,469467170
sq,43.8798316955566,47.0950378417969,76.25202067999189,77.35711295351014,469483837
sq,45.2183364868164,48.2549957275391,76.77830710405856,77.85554531715582,469500504
sq,46.4525817871094,49.5558055877686,76.92470643681878,78.23284981489608,469517171
sq,47.7088188171387,50.8766387939453,76.72186750926558,78.28700879002191,469533838
sq,48.8773674011231,52.2239994049072,76.22370541961529,77.88188252931577,469550505
sq,50.0286945343018,53.4098361968994,75.47427348446361,76.95592529223075,469567172
sq,51.1800569534302,54.4997257232666,74.48666024707883,75.50870502152648,469583839
sq,52.4558815002441,55.7628511428833,73.24006785314478,73.57778580449634,469600506
sq,53.6845182418823,57.0098756790161,71.68866001558895,71.2145448020991,469617173
sq,54.8095058441162,58.1830648422241,69.77063745449178,68.4595989068164,469633840
sq,55.9171251296997,59.2326768875122,67.41076582548305,65.31767622790437,469650507
sq,56.9958156585693,60.214998626709,64.51789736707619,61.737941290907614,469667174
sq,58.0098775863647,61.195750617981,60.98372582981412,57.60955197288707,469683841
sq,58.9715913772583,62.1436165809631,56.68858443227913,52.77792967615787,469700508
sq,59.8728050231934,62.9634217262268,51.516732362407545,47.078512403875216,469717175
sq,60.6890400886536,63.7283414840698,45.379248498936526,40.3780834204701,469733842
sq,61.4543804168701,64.437618637085,38.238822424172014,32.61177171823058,469750509
sq,62.0873559951782,64.9614349842072,30.129200622613677,23.8061296859242,469767176
sq,62.537553691864,65.300984287262,21.163878270071486,14.084240280951356,469783843
sq,62.8686846733093,65.5511380672455,11.532402560366199,3.6549903841749254,469800510
sq,63.0879494190216,65.5882658004761,1.485481851249486,-7.207923663364331,469817177
sq,63.1365627288818,65.4913887023926,-8.68875931425415,-18.191795753710906,469833844
sq,62.9519599914551,65.1409813404083,-18.69366873342897,-28.971867734588844,469850511
sq,62.6119011878967,64.7429887294769,-28.25248629488398,-39.23793434468501,469867178
sq,62.188722038269,64.1164416313171,-37.13099691853027,-48.72071833606065,469883845
sq,61.6325706481934,63.3688501358032,-45.15263999777489,-57.21759954690204,469900512
sq,60.8902095794678,62.3773306846619,-52.207534781520465,-64.61400436174566,469917179
sq,60.0406598091125,61.3237341880798,-58.25666590081534,-70.89388235451179,469933846
sq,59.1011427879333,60.1978301048279,-63.330439856592825,-76.13439653498956,469950513
sq,58.0997871398926,59.0151285171509,-67.52040242964767,-80.48593498313208,469967180
sq,57.0163396835327,57.7478469848633,-70.96452562639574,-84.14368123204756,469983847
sq,55.8712419509888,56.3582357406616,-73.82816881991495,-87.31728609019041,470000514
sq,54.70615234375,54.9565328598022,-76.2834931287105,-90.20228387835006,470017181
sq,53.4952653884888,53.5397542953491,-78.48997458285413,-92.95511425164365,470033848
sq,52.2229198455811,52.0481418609619,-80.57794887288317,-95.67428522653466,470050515
sq,50.9104923248291,50.5083869934082,-82.6362919724912,-98.39114257338257,470067182
sq,49.6037887573242,48.9692806243896,-84.70552481717567,-101.07309293203568,470083849
sq,48.2905563354492,47.3568367004395,-86.77890669171215,-103.64006267758853,470100516
sq,46.9047760009766,45.6993144989014,-88.8142669946031,-105.99184595873524,470117183
sq,45.4637626647949,43.9903968811035,-90.75650107835976,-108.04033906342825,470133850
sq,44.0252555847168,42.2386764526367,-92.56615185240886,-109.73814973199451,470150517
sq,42.5176776885986,40.4630054473877,-94.24649436583405,-111.0955907249448,470167184
sq,40.9951652526856,38.6844848632812,-95.86163257740051,-112.18191337743364,470183851
sq,39.4742015838623,36.8982471466064,-97.54063864817856,-113.11209619339485,470200518
sq,37.9262508392334,35.1245788574219,-99.46605743931931,-114.02475653200659,470217185
sq,36.2985424041748,33.3002380371094,-101.84766967761956,-115.05748872563154,470233852
sq,34.6187404632568,31.4502777099609,-104.88444681849577,-116.32313810637274,470250519
sq,32.9902824401856,29.5213226318359,-108.72092266178771,-117.8871309230957,470267186
sq,31.307169342041,27.663671875,-113.40842062796015,-119.74583325752087,470283853
sq,29.5363792419434,25.7701400756836,-118.88233893177346,-121.809809994777,470300520
sq,27.565283203125,23.8414253234863,-124.96081894789654,-123.89997539040411,470317187
sq,25.5075439453125,21.9422782897949,-131.36155121940376,-125.76391974650222,470333854
sq,23.466951751709,19.8829864501953,-137.72974318713526,-127.11268662057839,470350521
sq,21.3420318603516,17.7858947753906,-143.67254047329317,-127.66868859539427,470367188
sq,19.0545104980469,15.7583526611328,-148.79623094790617,-127.20970895197536,470383855
sq,16.5497573852539,13.7173675537109,-152.73742464430634,-125.59565453791906,470400522
sq,13.9757827758789,11.6963523864746,-155.17455604427045,-122.77140565292821,470417189
sq,11.4983200073242,9.66076126098633,-155.81278041730206,-118.74623175544329,470433856
sq,9.1282600402832,7.7934440612793,-154.35438596792196,-113.55675721926424,470450523
sq,6.75994720458984,6.04111709594727,-150.48416601487597,-107.22683896732431,470467190
sq,4.42090454101563,4.29328002929688,-143.89905596919158,-99.7415373917885,470483857
sq,2.15040435791016,2.7502197265625,-134.39119968839904,-91.05032810987365,470500524
sq,-0.0061737060546871,1.43872680664062,-121.96451687253501,-81.10630316792218,470517191
sq,-2.09285888671875,0.1059326171875,-106.94119867053077,-69.93427811269852,470533858
sq,-3.93332061767578,-1.12304840087891,-90.00696582244895,-57.70405046579845,470550525
sq,-5.53153381347656,-2.17333374023437,-72.15773401130738,-44.77409156807314,470567192
sq,-6.74036560058594,-3.00213012695312,-54.54406528610489,-31.67689948327834,470583859
sq,-7.54025421142578,-3.43785247802734,-38.25251498031536,-19.04180748166088,470600526
sq,-7.60496673583984,-3.63496551513672,-24.094470697282688,-7.481146216090106,470617193
sq,-8.20709381103516,-3.61725006103516,-12.472525586857095,2.517572118097349,470633860
sq,-8.37595520019531,-3.56969604492187,-3.3590571841202577,10.657595782029428,470650527
sq,-8.42057952880859,-3.43422088623047,3.6251786748327555,16.845697587535437,470667194
sq,-8.42293701171875,-3.23908386230469,9.075068843301537,21.165995282640043,470683861
sq,-8.37397155761719,-2.96035919189453,13.65681971192205,23.8409167302485,470700528
sq,-8.21777496337891,-2.58811340332031,17.99461982666755,25.200139261485713,470717195
sq,-7.94781646728516,-2.1670166015625,22.608835599220374,25.66307092753107,470733862
sq,-7.57781372070312,-1.7156005859375,27.903510749847346,25.72589039547556,470750529
sq,-7.08771667480469,-1.230615234375,34.18161054464165,25.93816106199251,470767196
sq,-6.41744384765625,-0.803926086425781,41.657904656178985,26.858781292062556,470783863
sq,-5.65435943603516,-0.377862548828125,50.44540274982678,28.993200962392475,470800530
sq,-4.89058837890625,-0.0401702880859371,60.51056598620955,32.72593124011339,470817197
sq,-3.98091278076172,0.437368774414063,71.61693014203118,38.2660480178893,470833864
sq,-2.96548614501953,1.16686096191406,83.29299282785713,45.61581024549216,470850531
sq,-1.69638214111328,1.95698394775391,94.85811787365154,54.56104739184598,470867198
sq,-0.190087890625,2.82572784423828,105.52013789546908,64.67855141829305,470883865
sq,1.37692108154297,3.81166687011719,114.5295272018046,75.36370205931831,470900532
sq,3.43856658935547,4.8904899597168,121.34878388409402,85.8911025200318,470917199
sq,5.43154754638672,6.15622177124023,125.78185976450682,95.51881167759758,470933866
sq,7.62479248046874,7.66210021972656,128.01480286615381,103.62795869083484,470950533
sq,9.77812042236327,9.41153564453125,128.5469014899695,109.8616278772664,470967200
sq,11.7008232116699,11.4931053161621,128.03256297948076,114.20729915749448,470983867
sq,13.5323051452637,13.6752685546875,127.08940585253868,116.97548995884323,471000534
sq,15.4284156799316,15.1572021484375,126.13823025295977,118.67010076836765,471017201
sq,17.6337226867676,16.873503112793,125.32017803049227,119.80171442210872,471033868
sq,19.6826766967773,18.6978820800781,124.50214520713091,120.72411513588874,471050535
sq,21.412321472168,20.5282577514648,123.35673506315058,121.55578202268792,471067202
sq,23.3611587524414,22.5716728210449,121.49220683299231,122.19980365132069,471083869
sq,25.5108169555664,24.6350463867187,118.59841135190288,122.43182722088167,471100536
sq,27.6236366271973,26.6791862487793,114.56482062114472,122.00751204716757,471117203
sq,29.4033760070801,28.6101745605469,109.53212430309031,120.74927833902487,471133870
sq,31.1107315063477,30.4862617492676,103.86589985124218,118.5939469544537,471150537
sq,32.6477493286133,32.4455894470215,98.07182885156301,115.60219607085148,471167204
sq,34.2712768554687,34.3082984924316,92.68541717208883,111.94013221574183,471183871
sq,35.8399909973145,36.0275310516357,88.1637380583216,107.84571740476957,471200538
sq,37.2556652069092,37.717195892334,84.79747784174607,103.59246858901895,471217205
sq,38.3944152832031,39.3485359191895,82.65913194149907,99.45879132218761,471233872
sq,39.7131942749023,41.005037689209,81.60208367440838,95.70280214939473,471250539
sq,41.0611804962158,42.6645301818848,81.3147160123882,92.53533255634012,471267206
sq,42.33088722229,44.1732963562012,81.41463533131336,90.08642038971439,471283873
sq,43.6921886444092,45.4051078796387,81.55233654954101,88.37339992316332,471300540
sq,45.1399291992188,46.7029727935791,81.49006348443113,87.28937073604372,471317207
sq,46.4836048126221,48.2057842254639,81.13146884634628,86.62532521997058,471333874
sq,47.7736019134521,49.6819290161133,80.49797720807116,86.11965800368036,471350541
sq,48.9413131713867,51.0965847015381,79.67046090701557,85.51339009313912,471367208
sq,50.1005481719971,52.4163888931274,78.72729177259184,84.59122873263706,471383875
sq,51.3783153533936,53.7408842086792,77.70387675242347,83.20164913702143,471400542
sq,52.7564310073853,55.112399482727,76.57981469227644,81.25953570982178,471417209
sq,53.9942764282226,56.3909448623657,75.2836380111086,78.73705063909527,471433876
sq,55.152495765686,57.67419090271,73.70326055493318,75.64665107638398,471450543
sq,56.2797883987427,58.8763946533203,71.69891371248623,72.01949579319775,471467210
sq,57.3996757507324,60.0107087135315,69.12147337295424,67.88334285855896,471483877
sq,58.563076877594,61.0915402412414,65.8359469451574,63.24451812586991,471500544
sq,59.677096748352,62.1140827178955,61.74289788450676,58.07752503153407,471517211
sq,60.6716445922851,63.075142288208,56.78899138293372,52.324174049493195,471533878
sq,61.5335401535034,63.8298357963562,50.96426012601695,45.903133766549274,471550545
sq,62.3224286079407,64.5910779476166,44.29213645482403,38.73012793942603,471567212
sq,63.0288506984711,65.2147721290588,36.82129760704932,30.746757486776005,471583879
sq,63.6016422748566,65.6699596881867,28.62436280088762,21.95199218086644,471600546
sq,64.0938891410828,66.0890598535538,19.80182539009976,12.42703628722133,471617213
sq,64.4583934783936,66.3115967750549,10.485540161442286,2.3439090968131273,471633880
sq,64.5928379535675,66.3624089002609,0.8370436713372797,-8.048057872811125,471650547
sq,64.5771107912064,66.2141046762466,-8.959610840966374,-18.45619468813033,471667214
sq,64.4212755203247,65.9008190870285,-18.707469406789514,-28.589760962121517,471683881
sq,64.1689971923828,65.4543477535248,-28.206437082587296,-38.20352926297348,471700548
sq,63.7202364444733,64.7728756904602,-37.263678140492075,-47.12787268515354,471717215
sq,63.1091917991638,64.0300525665283,-45.705874457831236,-55.27854211467734,471733882
sq,62.3786276817322,63.1218747138977,-53.39243761122377,-62.64659541839711,471750549
sq,61.5095261573791,62.2020234107971,-60.22670189019693,-69.27612377403017,471767216
sq,60.523197555542,61.0918277740479,-66.16247960051372,-75.24076599341556,471783883
sq,59.5143727302551,59.9090761184692,-71.20567720095319,-80.62705510943273,471800550
sq,58.3914331436157,58.5829109191895,-75.41253089035283,-85.52540417430863,471817217
sq,57.1560186386108,57.160516166687,-78.88524809715679,-90.02357451096773,471833884
sq,55.8588794708252,55.7225116729736,-81.76315686521227,-94.19740029899023,471850551
sq,54.5490783691406,54.2644332885742,-84.20649098340843,-98.09900576210288,471867218
sq,53.2154754638672,52.7311452865601,-86.37290508460332,-101.7483290702282,471883885
sq,51.8449110031128,51.0905250549316,-88.39154782625671,-105.13383683553954,471900552
sq,50.4229110717773,49.4047111511231,-90.34223119495455,-108.22268353836932,471917219
sq,49.0171989440918,47.6250156402588,-92.2465493053985,-110.9744738209421,471933886
sq,47.5369609832764,45.8288501739502,-94.07470585430205,-113.3514934399307,471950553
sq,46.0368179321289,44.0247215270996,-95.76751800220195,-115.3227147238324,471967220
sq,44.5086235046387,42.2555393218994,-97.26860657517038,-116.86531545849199,471983887
sq,42.9253257751465,40.3800834655762,-98.55851050719608,-117.97029439566343,472000554
sq,41.3226875305176,38.4688819885254,-99.68169603138558,-118.6553674388288,472017221
sq,39.7465423583984,36.5859455108643,-100.75960145016941,-118.98167497231049,472033888
sq,38.1500057220459,34.6557983398437,-101.98670425848717,-119.06620032153131,472050555
sq,36.5057643890381,32.7256568908691,-103.60963264258494,-119.08155633508565,472067222
sq,34.7926582336426,30.825609588623,-105.8905786744046,-119.23796097805254,472083889
sq,33.1158012390137,28.9307807922363,-109.05778890060665,-119.74686390356484,472100556
sq,31.3524536132812,26.9857124328613,-113.2499338944576,-120.77006697335197,472117223
sq,29.5809310913086,24.9865783691406,-118.46640145093437,-122.361957252562,472133890
sq,27.7568267822266,23.0545677185059,-124.5378731665858,-124.4172592657983,472150557
sq,25.7849754333496,21.1711753845215,-131.12749894517995,-126.6425199791677,472167224
sq,23.6415008544922,19.2012199401855,-137.76303963246798,-128.57108220093846,472183891
sq,21.3781341552734,17.2443450927734,-143.8900012551915,-129.63185523854148,472200558
sq,19.0595993041992,15.1146263122559,-148.93208039316767,-129.2618315852383,472217225
sq,16.7858909606934,12.9266075134277,-152.34952291587578,-127.03060499825153,472233892
sq,14.3797096252441,10.7487968444824,-153.69131446857176,-122.7357037903691,472250559
sq,11.8159736633301,8.78615036010742,-152.63623822234663,-116.4383067173838,472267226
sq,9.23608627319336,7.03517761230469,-149.01373623349664,-108.43432625280923,472283893
sq,6.86100997924805,5.34239044189452,-142.79905667000912,-99.1792259510488,472300560
sq,4.74624099731445,3.72038879394531,-134.09161772315272,-89.19274116054177,472317227
sq,2.69614639282227,2.18040313720703,-123.0983217075814,-78.9640636363058,472333894
sq,0.746534729003907,0.997557067871094,-110.1391573857664,-68.87207433135546,472350561
sq,-1.07798156738281,0.0036148071289066,-95.6707894065575,-59.13558960780711,472367228
sq,-2.73157653808594,-0.872239685058593,-80.30139036139083,-49.808076169026286,472383895
sq,-4.13964233398437,-1.66871032714844,-64.76422193652087,-40.8201825255304,472400562
sq,-5.2337890625,-2.43823394775391,-49.833978329933636,-32.05415950493548,472417229
sq,-5.97329864501953,-3.0368896484375,-36.20040253726317,-23.420311244512256,472433896
sq,-6.25896606445312,-3.39177093505859,-24.340673739018285,-14.907627971219327,472450563
sq,-6.62665710449219,-3.60450897216797,-14.437616953825751,-6.596152528817229,472467230
sq,-6.95871887207031,-3.73227844238281,-6.3699556628931715,1.3644734568039378,472483897
sq,-7.06558380126953,-3.69806823730469,0.23134217355875372,8.796411537741104,472500564
sq,-7.09593353271484,-3.55343780517578,5.888020188770792,15.53906653434255,472517231
sq,-7.01208648681641,-3.24788818359375,11.170573562841636,21.48426780362644,472533898
sq,-6.85137329101562,-2.83095703125,16.606313466827086,26.591514951423246,472550565
sq,-6.57809600830078,-2.43700561523437,22.610359923969988,30.882707333139148,472567232
sq,-6.21318969726562,-2.01952514648437,29.443270626457508,34.42721313318097,472583899
sq,-5.74636993408203,-1.58201751708984,37.19489344018882,37.33426411527993,472600566
sq,-5.1745849609375,-0.972238159179687,45.79207533788859,39.76344487672242,472617233
sq,-4.44264373779297,-0.243692016601562,55.02645689150905,41.94770184500969,472633900
sq,-3.53166351318359,0.467222595214844,64.59662977490954,44.20863778716077,472650567
sq,-2.52504119873047,1.21294250488281,74.1570096317502,46.94183943297277,472667234
sq,-1.35485992431641,1.95924987792969,83.36486764704783,50.56116640880735,472683901
sq,0.0497802734375004,2.89640655517578,91.91713664957739,55.40793934662204,472700568
sq,1.60927429199219,3.66580047607422,99.57083129532886,61.647182755211695,472717235
sq,3.14782562255859,4.54812850952148,106.14762355966006,69.1841938467711,472733902
sq,4.69082107543945,5.60209503173827,111.5325187552472,77.63507994715647,472750569
sq,6.40372314453124,6.77314987182617,115.67930755682008,86.37056148853509,472767236
sq,8.33818283081055,8.20263900756836,118.62405054665889,94.62782568607378,472783903
sq,10.4193481445312,9.78647079467773,120.48960316708714,101.66204949824214,472800570
sq,12.4587196350098,11.3486885070801,121.45789908384054,106.89686304884839,472817237
sq,14.3729270935059,13.1877235412598,121.7035531211379,110.03341986895593,472833904
sq,16.1713394165039,15.1367401123047,121.3126496138961,111.08862801060144,472850571
sq,17.9191993713379,16.9345039367676,120.23085401228516,110.35393050319344,472867238
sq,19.7150100708008,18.4872116088867,118.27720701446658,108.29415374428706,472883905
sq,21.7560218811035,20.0709175109863,115.22623703993544,105.42792495004412,472900572
sq,23.8790306091309,21.8063491821289,110.92372776999115,102.23038449797089,472917239
sq,25.5556930541992,23.5468658447266,105.38675300303166,99.07623817605372,472933906
sq,27.0742324829102,25.1448806762695,98.85247495386288,96.21730806734047,472950573
sq,28.8476127624512,26.6923164367676,91.76374427466152,93.78141436990988,472967240
sq,30.5435928344727,28.0434020996094,84.6951611979334,91.78603161476433,472983907
sq,31.7808708190918,29.5452407836914,78.23581552485346,90.16575338632609,473000574
sq,32.7689041137695,31.1045707702637,72.86301304279088,88.80922683730951,473017241
sq,33.8124794006348,32.5486129760742,68.85221570819786,87.59535222865517,473033908
sq,34.9702724456787,33.8715080261231,66.25330626424083,86.42006965179264,473050575
sq,36.2357219696045,35.2310508728027,64.92855839234768,85.21316481968182,473067242
sq,37.3093532562256,36.6485446929932,64.62183691343647,83.94986454956828,473083909
sq,38.2113479614258,37.9315208435059,65.02918745571601,82.66012565742744,473100576
sq,39.2275833129883,39.2225479125976,65.85753602846137,81.43320108038843,473117243
sq,40.3223403930664,40.6444171905518,66.86923720698104,80.41065795220102,473133910
sq,41.4992622375488,41.9923500061035,67.90926862421823,79.76039819092199,473150577
sq,42.5823558807373,43.2792724609375,68.90985263110015,79.63093680373495,473167244
sq,43.6163543701172,44.4553932189941,69.87327742845936,80.09860439694431,473183911
sq,44.6900104522705,45.5758422851562,70.84301972317061,81.1307716072231,473200578
sq,45.8193210601807,46.9397796630859,71.87576299569066,82.58440205272548,473217245
sq,47.0093139648438,48.2427505493164,73.02041861995227,84.24122860298202,473233912
sq,48.2426189422607,49.6892322540283,74.30233916976913,85.86123817603773,473250579
sq,49.3994411468506,51.1480964660645,75.70943879960407,87.2285286330094,473267246
sq,50.5352090835571,52.5515083312988,77.18173679648253,88.17189647012454,473283913
sq,51.7515319824219,53.87376537323,78.60955540224022,88.55997672904074,473300580
sq,53.0567764282226,55.2009195327759,79.84246889878146,88.28504830720819,473317247
sq,54.3807300567627,56.6513847351074,80.70398561176766,87.25105253022912,473333914
sq,55.6753419876099,58.0903972625732,81.00381203071349,85.37108946894426,473350581
sq,56.9678386688232,59.495344543457,80.54390648357847,82.56873268203726,473367248
sq,58.2368587493896,60.845695400238,79.12219389033648,78.77580266340063,473383915
sq,59.4318012237549,62.0546592712402,76.54214423917155,73.92655711247713,473400582
sq,60.6408194541931,63.1342834472656,72.63381598141723,67.95615865752933,473417249
sq,61.8517140388489,64.215310716629,67.28366141902754,60.81124846756641,473433916
sq,63.0173622608185,65.3403982162476,60.46225311201039,52.47173581341246,473450583
sq,63.9828878879547,66.1574241161346,52.23825891825598,42.974196913966566,473467250
sq,64.7566710948944,66.7997311592102,42.7748965611746,32.42745535370719,473483917
sq,65.3718179702759,67.2869385123253,32.314399865115604,21.017983745381724,473500584
sq,65.9433838367462,67.6365605086088,21.157894656001005,9.007118757157002,473517251
sq,66.3537550508976,67.8273395109922,9.642502486789997,-3.280086785131026,473533918
sq,66.5018263269216,67.8190647378564,-1.8868903236206584,-15.47757823699809,473550585
sq,66.4298324599862,67.5115475893021,-13.110811453032987,-27.213727963001404,473567252
sq,66.2042442500591,67.0756932139397,-23.766329683317135,-38.154723118796355,473583919
sq,65.8044312238693,66.4816377401352,-33.6665619911702,-48.04693650780225,473600586
sq,65.2532065153122,65.7052718639374,-42.70303874696941,-56.74929914688166,473617253
sq,64.5622248888016,64.7601648807526,-50.83276526147707,-64.2489290830594,473633920
sq,63.8181051254272,63.7355216979981,-58.058016123996744,-70.6558979259365,473650587
sq,62.9257999897003,62.6134127616882,-64.40858459906767,-76.17637693149518,473667254
sq,61.8400343894958,61.3496779441833,-69.93209542495619,-81.06768178955308,473683921
sq,60.6996520996094,60.0428213119507,-74.69095351063396,-85.58328242779397,473700588
sq,59.5210718154907,58.7287391662598,-78.76032115724468,-89.9201535637826,473717255
sq,58.2373823165893,57.3517097473145,-82.22297663837634,-94.18309966683529,473733922
sq,56.9234861373901,55.8773149490356,-85.16137045688032,-98.37724565773536,473750589
sq,55.6202014923096,54.2692407608032,-87.65062861800736,-102.42965222430051,473767256
sq,54.1800073623657,52.5652336120606,-89.75667718624113,-106.22919010245963,473783923
sq,52.7668155670166,50.8498672485351,-91.5412152737164,-109.66828471295024,473800590
sq,51.2957023620606,49.1200908660889,-93.07165487928728,-112.6738986690992,473817257
sq,49.809387588501,47.3443588256836,-94.43139147081948,-115.22340055786624,473833924
sq,48.2810729980469,45.4852680206299,-95.72466690593583,-117.34657534072046,473850591
sq,46.6963256835938,43.5804351806641,-97.07111388313898,-119.11563197946242,473867258
sq,45.1494716644287,41.6496013641357,-98.58863871075164,-120.62429979651952,473883925
sq,43.6014865875244,39.7184013366699,-100.36931683997993,-121.9591819707939,473900592
sq,42.0326732635498,37.8182109832764,-102.45820000557255,-123.17119627571078,473917259
sq,40.4199184417725,35.9022163391113,-104.84511686904632,-124.25771294512055,473933926
sq,38.7406524658203,33.9078620910645,-107.47358589186904,-125.1627535295278,473950593
sq,37.0167411804199,31.8570732116699,-110.26213235643334,-125.79418995239102,473967260
sq,35.1845153808594,29.8317016601562,-113.12674225071606,-126.04919054670248,473983927
sq,33.3283905029297,27.810472869873,-115.9928697106,-125.83756042946492,474000594
sq,31.5325378417969,25.8214019775391,-118.79198874751478,-125.09669542401264,474017261
sq,29.6242813110352,23.7879318237305,-121.44723442743386,-123.79700227501858,474033928
sq,27.6932014465332,21.8091491699219,-123.85902460667253,-121.93977358491155,474050595
sq,25.7894805908203,19.8499969482422,-125.90122130353717,-119.55124809105041,474067262
sq,23.7578262329102,17.9775489807129,-127.43231426290616,-116.67807309259743,474083929
sq,21.6631912231445,16.1557792663574,-128.31765662114495,-113.38929289151342,474100596
sq,19.5941299438477,14.3777412414551,-128.45259891229873,-109.78569090981132,474117263
sq,17.5557350158691,12.5569900512695,-127.77632163636828,-106.0089089744457,474133930
sq,15.4715026855469,10.7013801574707,-126.27169389583612,-102.23595761077001,474150597
sq,13.4562553405762,9.03911819458008,-123.95345080419926,-98.64802898778156,474167264
sq,11.494482421875,7.62080993652344,-120.85230985247425,-95.3779058770014,474183931
sq,9.60321273803711,6.11291732788086,-117.00507291364192,-92.45711292303413,474200598
sq,7.79775848388672,4.68450012207032,-112.45856424343843,-89.7878746545108,474217265
sq,5.98290100097657,3.25643768310547,-107.2872108040222,-87.15289155810696,474233932
sq,4.20258560180663,1.83099975585937,-101.6130383248649,-84.25785989203598,474250599
sq,2.42353668212891,0.37894287109375,-95.610501331064,-80.78931387054307,474267266
sq,0.960791015625,-0.947915649414062,-89.48396745248286,-76.46968336482294,474283933
sq,-0.408830261230468,-2.04979095458984,-83.42111027913849,-71.10097610210406,474300600
sq,-1.72560272216797,-3.15127716064453,-77.53965734630556,-64.59936772202579,474317267
sq,-2.99411926269531,-4.16473541259766,-71.84824544376262,-57.02471399719355,474333934
sq,-4.16137084960937,-5.13917694091797,-66.2362382375091,-48.59993090805286,474350601
sq,-5.03990325927734,-5.99518737792969,-60.49959955209846,-39.704898666462,474367268
sq,-6.05122528076172,-6.71744689941406,-54.40177399784272,-30.82942066371614,474383935
sq,-6.93411407470703,-7.23002777099609,-47.75681161291701,-22.48334176795566,474400602
sq,-7.74913177490234,-7.51658782958984,-40.50901894299333,-15.082930741421999,474417269
sq,-8.53680572509766,-7.58787689208984,-32.77823619597565,-8.848766385869837,474433936
sq,-9.11775360107422,-7.75290832519531,-24.849070112394713,-3.7507755217588143,474450603
sq,-9.47042999267578,-7.83564147949219,-17.10399287737448,0.48005264236197065,474467270
sq,-9.66020355224609,-7.71894226074219,-9.923952551363858,4.276323691583455,474483937
sq,-9.74351654052734,-7.66674194335937,-3.59314311696229,8.11691737537696,474500604
sq,-9.76119384765625,-7.67368469238281,1.7600414482068814,12.40080826488943,474517271
sq,-9.73170623779297,-7.54936370849609,6.172102541413446,17.34815438189021,474533938
sq,-9.62896881103516,-7.26468048095703,9.811191701366972,22.955897727764487,474550605
sq,-9.54554138183594,-6.88267669677734,12.924371193085275,29.016060093277098,474567272
sq,-9.42659149169922,-6.42528686523437,15.7925002135769,35.18544749083788,474583939
sq,-9.21325836181641,-5.88858184814453,18.71205289275209,41.083830744133444,474600606
sq,-8.88119659423828,-5.16226348876953,22.006216057735063,46.393901529597144,474617273
sq,-8.48658142089844,-4.36357269287109,26.049290832113016,50.93751117961465,474633940
sq,-8.04912719726562,-3.54559478759766,31.27771994134664,54.70886589280187,474650607
sq,-7.47860107421875,-2.59440765380859,38.162152824144535,57.85721887442003,474667274
sq,-6.77115783691406,-1.66123352050781,47.126349265032694,60.6270312780823,474683941
sq,-5.98150024414062,-0.783731079101562,58.41740386890543,63.27800760093703,474700608
sq,-5.05886993408203,0.123411560058594,71.95456113291304,66.01491580686212,474717275
sq,-3.98673400878906,1.1337646484375,87.20466662144197,68.95194866228591,474733942
sq,-2.762109375,2.25809326171875,103.14167162557202,72.1184920092864,474750609
sq,-1.30109558105469,3.50784149169922,118.33696485557466,75.49189310403125,474767276
sq,0.461737060546875,4.85307540893555,131.1936487154888,79.03177418273631,474783943
sq,2.56664123535157,6.06530990600586,140.2874412330674,82.6969197217724,474800610
sq,4.98117294311523,7.2707275390625,144.7262249154392,86.44391834995272,474817277
sq,7.66226043701172,8.6260627746582,144.41222526020758,90.22111662955707,474833944
sq,10.24326171875,10.0706581115723,140.1048055034196,93.97072857834651,474850611
sq,12.6530059814453,11.6667846679688,133.2418854428254,97.63975310980017,474867278
sq,14.6641258239746,13.2070297241211,125.56511764543657,101.18996836529095,474883945
sq,16.2248252868652,14.9036201477051,118.67075262291362,104.59730193079706,474900612
sq,17.8545516967773,16.4635871887207,113.63620043567505,107.83878353821497,474917279
sq,19.5403007507324,18.1500801086426,110.83580112143177,110.87264061471562,474933946
sq,21.4128784179687,20.1654685974121,109.97842790513157,113.6189672198042,474950613
sq,23.3561538696289,21.8586601257324,110.31832319372677,115.94823886836075,474967280
sq,25.0857528686523,23.5187400817871,110.94547318753457,117.68737120908479,474983947
sq,26.9807495117187,25.3928894042969,111.05984393311908,118.65253530838729,475000614
sq,29.0271781921387,27.3785957336426,110.15969625871676,118.70561361441933,475017281
sq,30.7571090698242,29.4601348876953,108.11242517260048,117.8129841822904,475033948
sq,32.2614349365234,31.2876953125,105.11713534110318,116.07922669908442,475050615
sq,33.9114631652832,33.0891860961914,101.59783177219882,113.74096616753046,475067282
sq,35.6461261749268,34.9640335083008,98.07174873759152,111.12492443759575,475083949
sq,37.1964191436768,36.7227920532226,95.02401806844901,108.58511802836423,475100616
sq,38.7159923553467,38.3798469543457,92.80658923837665,106.4352247746498,475117283
sq,40.1176723480225,40.166393661499,91.57541233331266,104.88885276657074,475133950
sq,41.4294189453125,41.8588394165039,91.27749819151336,104.01675222035742,475150617
sq,42.9885162353516,43.4489120483398,91.68848261439922,103.72784353082048,475167284
sq,44.5459522247314,44.9809421539307,92.48373252913403,103.77932048449448,475183951
sq,46.1007675170898,46.7721733093262,93.31471842646495,103.81569216572272,475200618
sq,47.5915073394775,48.5376495361328,93.86728162496507,103.42749864279101,475217285
sq,48.9425529479981,50.0640720367432,93.89468273181511,102.21552776554717,475233952
sq,50.4103759765625,51.6264938354492,93.2304285279985,99.84951692232251,475250619
sq,52.0519765853882,53.3300727844238,91.78446070662437,96.11394013892411,475267286
sq,53.6711095809937,54.9539379119873,89.51910537081172,90.93184919599992,475283953
sq,55.0691913604736,56.4350503921509,86.40430471160742,84.35786894000545,475300620
sq,56.2284158706665,57.7707609176636,82.36821472227334,76.54136710527811,475317287
sq,57.4350704193115,58.8288129806518,77.27213274013407,67.67529796458713,475333954
sq,58.7231081962585,59.8974684715271,70.92999973102583,57.95197538081774,475350621
sq,60.0031007766724,60.9463690757752,63.166564533113814,47.53862968114744,475367288
sq,61.0468281745911,61.7309307098389,53.887175527232856,36.57197544679896,475383955
sq,61.8607214927673,62.2240909576416,43.13158824051753,25.164872789470273,475400622
sq,62.5232364177704,62.5962532997131,31.098156159410276,13.420721704129667,475417289
sq,63.0423583030701,62.8559264183044,18.137312988327015,1.4531566638521851,475433956
sq,63.4143520832062,62.9387167930603,4.717467703277697,-10.594642456810117,475450623
sq,63.4782136917114,62.7551645278931,-8.632144135094942,-22.539383850183544,475467290
sq,63.2900601863861,62.3663581848145,-21.3923679342125,-34.1610609250763,475483957
sq,62.9270893573761,61.8188809394836,-33.123607656290076,-45.21958170599782,475500624
sq,62.3626173973083,61.1416076660156,-43.51794769566596,-55.48050469688934,475517291
sq,61.6658271789551,60.2568224906921,-52.42434898564037,-64.7450029430616,475533958
sq,60.8468841552734,59.1687635421753,-59.846733876894575,-72.8780209848695,475550625
sq,59.925520324707,57.958497428894,-65.92171385963711,-79.82732332132757,475567292
sq,58.8608178138733,56.7499994277954,-70.88430166427746,-85.62797150909984,475583959
sq,57.6840967178345,55.3528789520264,-75.02731735753085,-90.39178769066632,475600626
sq,56.48180809021,53.8793453216553,-78.65754688536423,-94.28577351274039,475617293
sq,55.2504428863525,52.4061054229736,-82.05227620097806,-97.50513207993923,475633960
sq,53.9696020126343,50.8869384765625,-85.42224848489803,-100.24645223530118,475650627
sq,52.5965188980103,49.244425201416,-88.88735416978169,-102.68512821586114,475667294
sq,51.1335472106934,47.5865329742432,-92.46826647200666,-104.958169825533,475683961
sq,49.6687816619873,45.8782695770264,-96.09388072420525,-107.15164755686384,475700628
sq,48.1712726593018,44.1923793792725,-99.62356031078922,-109.29372097077209,475717295
sq,46.5916561126709,42.5001529693604,-102.88323395616257,-111.35773205850407,475733962
sq,44.9581130981445,40.7642520904541,-105.71180225159193,-113.27997277021277,475750629
sq,43.2284893035889,38.9078525543213,-108.0088954753995,-114.99051938541342,475767296
sq,41.4467510223389,37.025452041626,-109.77084141283267,-116.44635454453163,475783963
sq,39.6791023254395,35.106169128418,-111.1030926761375,-117.651419890796,475800630
sq,37.9141201019287,33.1576789855957,-112.204666770352,-118.65341152583368,475817297
sq,36.1725162506104,31.3577217102051,-113.32893586722966,-119.5200258194208,475833964
sq,34.3053077697754,29.5611824035645,-114.73006548948487,-120.30926085092544,475850631
sq,32.4500068664551,27.6071990966797,-116.60475425604339,-121.04973223311647,475867298
sq,30.5745948791504,25.5956062316895,-119.03877310864627,-121.73655852870606,475883965
sq,28.728239440918,23.6011260986328,-121.97015389990835,-122.33642084186144,475900632
sq,26.8260520935059,21.6546348571777,-125.18291670441053,-122.79327239597231,475917299
sq,24.9157089233398,19.7562164306641,-128.34101103736364,-123.03380852041255,475933966
sq,22.8635734558105,17.8683036804199,-131.05908734561848,-122.97865186553861,475950633
sq,20.6581634521484,15.9142555236816,-132.98934296096013,-122.56206580039918,475967300
sq,18.4041618347168,13.8306526184082,-133.8924954458201,-121.75123195363662,475983967
sq,16.1955360412598,11.7444709777832,-133.66577247672714,-120.54705814227071,476000634
sq,14.1674980163574,9.84127273559571,-132.32142675092885,-118.95361561747767,476017301
sq,12.1462310791016,8.01364364624023,-129.9324521617034,-116.9222584980268,476033968
sq,10.0472282409668,6.16823425292969,-126.57209328805898,-114.2957740632155,476050635
sq,7.97678604125977,4.41430892944336,-122.2671129798699,-110.78397073819751,476067302
sq,5.93826141357422,2.6423095703125,-116.97322990060486,-105.99293476796923,476083969
sq,4.14379348754883,1.06395568847656,-110.57722688731765,-99.51244087710343,476100636
sq,2.54844512939454,-0.48458251953125,-102.93309813995407,-91.04542013167365,476117303
sq,1.02291717529297,-2.05841217041016,-93.93618629461119,-80.54302878884782,476133970
sq,-0.601983642578125,-3.52290496826172,-83.6203334466128,-68.29520829786817,476150637
sq,-2.16303405761719,-4.78466186523437,-72.23781749005678,-54.93087654507759,476167304
sq,-3.51725921630859,-5.66722259521484,-60.27360954290477,-41.309989350703205,476183971
sq,-4.55154571533203,-6.25834808349609,-48.36970360308609,-28.3322074516101,476200638
sq,-4.96395263671875,-6.58988342285156,-37.181221863755184,-16.722785149830077,476217305
sq,-5.47290954589844,-6.69775543212891,-27.222111588388785,-6.867552165792215,476233972
sq,-5.89513549804687,-6.64485321044922,-18.758915220247413,1.2493623160266678,476250639
sq,-6.24704132080078,-6.67218933105469,-11.78005895720574,7.990949572064987,476267306
sq,-6.44698486328125,-6.66516265869141,-6.032055575272408,13.925657941713498,476283973
sq,-6.53434906005859,-6.59558258056641,-1.094237511008204,19.656580967335266,476300640
sq,-6.60536346435547,-6.36655578613281,3.538775938122786,25.67887899954584,476317307
sq,-6.63397369384766,-5.86646423339844,8.391031022856879,32.29737340161522,476333974
sq,-6.55281219482422,-5.25846252441406,13.968143272725907,39.604870919412406,476350641
sq,-6.26156005859375,-4.60688934326172,20.745734861215443,47.504211099409694,476367308
sq,-5.86111602783203,-3.95470581054687,29.164519395958564,55.758313966847346,476383975
sq,-5.33105621337891,-3.19172821044922,39.607001941405976,64.06024070603942,476400642
sq,-4.69251403808594,-2.10084686279297,52.33843557604334,72.11384706105206,476417309
sq,-3.85049591064453,-0.70308837890625,67.41150318938904,79.7043671337286,476433976
sq,-2.73191223144531,0.604925537109375,84.55165462950559,86.73310632436271,476450643
sq,-1.24813232421875,1.86479797363281,103.05431442833986,93.20392762809675,476467310
sq,0.279646301269532,3.33867492675781,121.73785106129142,99.17311560887343,476483977
sq,1.93757476806641,4.89673843383789,139.00457482779078,104.68884261416841,476500644
sq,3.81251373291016,6.60664215087891,153.05163986999625,109.74408888462008,476517311
sq,6.05713882446288,8.31996765136719,162.22836449117975,114.25620183966385,476533978
sq,8.96250381469727,10.1396392822266,165.4615043348856,118.07730474986117,476550645
sq,12.3339981079102,11.9880126953125,162.60420036660116,121.03364401982942,476567312
sq,15.2528823852539,13.8289093017578,154.55976236027942,122.98472859136164,476583979
sq,17.6225952148437,15.9188903808594,143.108551514123,123.88314966250353,476600646
sq,19.7044395446777,18.1337265014648,130.48613824427588,123.80871485105273,476617313
sq,21.5556053161621,20.0929244995117,118.85365856111508,122.95652419297988,476633980
sq,23.355509185791,22.0075859069824,109.82425281238392,121.58137682307131,476650647
sq,24.9336227416992,23.711279296875,104.17110831227474,119.92656267881132,476667314
sq,26.3822082519531,25.5880989074707,101.77582302045661,118.17215672315368,476683981
sq,28.0761627197266,27.6550468444824,101.80570272832271,116.42022575670627,476700648
sq,29.8068717956543,29.6566452026367,103.04868414653757,114.70949995856596,476717315
sq,31.5669769287109,31.3173316955566,104.29708670302355,113.04262572615306,476733982
sq,33.4985298156738,32.9721321105957,104.6671610523608,111.416713722262,476750649
sq,35.3952812194824,34.9008811950684,103.77197512605443,109.85390408339842,476767316
sq,36.9406627655029,36.771150970459,101.7204864937041,108.42250579937048,476783983
sq,38.4508766174316,38.5137866973877,98.9754157110837,107.23286358206512,476800650
sq,39.9562267303467,40.273929977417,96.14213354741109,106.40016249865214,476817317
sq,41.4281276702881,41.9410099029541,93.76635608214762,105.98579133290868,476833984
sq,42.8415512084961,43.4267181396484,92.19644527065897,105.94450230030687,476850651
sq,44.2256454467773,45.1656097412109,91.53293349473242,106.104905172081,476867318
sq,45.8156303405762,46.8357929229736,91.65583219037583,106.1951826016139,476883985
sq,47.3979419708252,48.5860961914062,92.29758568203609,105.90419557038088,476900652
sq,48.9062618255615,50.3753227233887,93.1239068936832,104.95373472087671,476917319
sq,50.3266586303711,52.0492605209351,93.79710669009954,103.15741693526353,476933986
sq,51.8236078262329,53.6615804672241,94.01583516565344,100.45232872232097,476950653
sq,53.3422731399536,55.248072052002,93.53751506804767,96.90176809927912,476967320
sq,54.7780164718628,56.8388370513916,92.19110643145852,92.67375725470015,476983987
sq,56.3158897399902,58.333985710144,89.88354952863564,88.00031165837862,477000654
sq,57.7915185928345,59.8008016586304,86.59960547002989,83.122670504127,477017321
sq,59.1262096405029,61.1181887626648,82.39483356476134,78.232201144957,477033988
sq,60.3807810783386,62.2010611534119,77.38392966469549,73.42301046363002,477050655
sq,61.6583861351013,63.3581332206726,71.72712258674508,68.6727083427415,477067322
sq,62.860880279541,64.5438465118408,65.613696431593,63.857496845802444,477083989
sq,63.9285367965698,65.57431473732,59.238516216962914,58.792518227276695,477100656
sq,64.8879219532013,66.5616607904434,52.77035493210036,53.279912419923924,477117323
sq,65.696694278717,67.382182353735,46.31885515684243,47.15008791818329,477133990
sq,66.342169085145,68.1080814838409,39.913127496189624,40.290233375559005,477150657
sq,66.9432631671429,68.7718035817146,33.502910430842135,32.65990205308475,477167324
sq,67.6001805305481,69.3440358877182,26.982800822768787,24.294541447150902,477183991
sq,68.0620298624039,69.7244903087616,20.22895468739595,15.297876408000882,477200658
sq,68.3349936246872,69.9189082622528,13.134829895405689,5.826270443948597,477217325
sq,68.5019910573959,69.9723538398743,5.63816349812534,-3.9294760533213307,477233992
sq,68.6451121807098,69.9668108463287,-2.262894033345659,-13.76102016426941,477250659
sq,68.6568464279175,69.7869639635086,-10.50564015333861,-23.45882144633852,477267326
sq,68.471164727211,69.3959415197372,-18.971728501181964,-32.83071784054613,477283993
sq,68.1513675689697,68.8573130607605,-27.506466253327442,-41.72212266812399,477300660
sq,67.6535288333893,68.158909791708,-35.94110669380338,-50.03227474015718,477317327
sq,67.0973668336868,67.3335775375366,-44.11043770890046,-57.71995025175424,477333994
sq,66.4121160000563,66.4380282402039,-51.86284182075898,-64.79609145709651,477350661
sq,65.5870068907738,65.4271289348602,-59.065504377390035,-71.306461375296,477367328
sq,64.6669470310211,64.2468103408814,-65.60910494899028,-77.31062770966362,477383995
sq,63.5965301036835,63.0353988647461,-71.413858621433,-82.86331504585965,477400662
sq,62.4128035545349,61.7387951850891,-76.43534710361537,-88.0022588029063,477417329
sq,61.232944393158,60.3161262512207,-80.6673928942432,-92.74441330474721,477433996
sq,59.9404324531555,58.8320373535156,-84.14066347747291,-97.08953178149513,477450663
sq,58.5735577583313,57.25657787323,-86.91750265284287,-101.02750789371687,477467330
sq,57.1724618911743,55.6163619995117,-89.08411914371237,-104.54543982096153,477483997
sq,55.788035774231,53.9810451507568,-90.74148183474611,-107.63272249994237,477500664
sq,54.3291257858276,52.2961191177368,-91.9966110589515,-110.28532403983219,477517331
sq,52.8352121353149,50.503910446167,-92.95549457557247,-112.51059624600569,477533998
sq,51.3385623931885,48.6622871398926,-93.71774916568896,-114.33126033379862,477550665
sq,49.8586067199707,46.8322338104248,-94.37309670197725,-115.78528566564528,477567332
sq,48.37629737854,44.9958251953125,-95.00080923243847,-116.92039409570232,477583999
sq,46.8492740631104,43.1419109344482,-95.67321214702707,-117.78617133946922,477600666
sq,45.3118194580078,41.286999130249,-96.46187727362909,-118.42873711147601,477617333
sq,43.7366470336914,39.4060729980469,-97.44227462966784,-118.89035660335485,477634000
sq,42.1506713867188,37.423136138916,-98.69249736585512,-119.21126860261666,477650667
sq,40.6356204986572,35.4838928222656,-100.2849411814629,-119.42812221639053,477667334
sq,39.0238269805908,33.6201499938965,-102.27372925833482,-119.56636239157925,477684001
sq,37.3591312408447,31.729906463623,-104.6818805359214,-119.6307468818532,477700668
sq,35.6793483734131,29.8652214050293,-107.49090679891901,-119.60220532292604,477717335
sq,33.9613861083984,27.9588035583496,-110.63477999214615,-119.4458194014862,477734002
sq,32.2811645507812,26.0001243591309,-114.00082134322355,-119.1260970162407,477750669
sq,30.4315742492676,23.9761871337891,-117.43891879906974,-118.61923087157818,477767336
sq,28.4665512084961,22.1324142456055,-120.77605868547349,-117.91406556361497,477784003
sq,26.490892791748,20.296598815918,-123.82995461471715,-117.00330560122056,477800670
sq,24.5932640075684,18.5107406616211,-126.41900173704836,-115.87513927685748,477817337
sq,22.6220687866211,16.6057456970215,-128.3733569934181,-114.51423823631977,477834004
sq,20.599462890625,14.6925224304199,-129.55446561016345,-112.91163939336762,477850671
sq,18.4695343017578,12.9136604309082,-129.88340888660275,-111.07546203298692,477867338
sq,16.3557495117187,11.1827606201172,-129.36808442179372,-109.03512204225484,477884005
sq,14.2869247436523,9.40498580932617,-128.11451710354555,-106.83678768963652,477900672
sq,12.2692588806152,7.70295562744141,-126.31089263097009,-104.53049733156833,477917339
sq,10.1436218261719,5.97950210571289,-124.18004775378311,-102.14916859471776,477934006
sq,8.04970397949219,4.31716384887695,-121.90469440389624,-99.68114955440286,477950673
sq,6.15769424438477,2.75956573486328,-119.54180555414138,-97.04324703400127,477967340
sq,4.43104019165038,1.27051391601562,-116.95682871473704,-94.06716763952414,477984007
sq,2.69281234741211,-0.148667907714843,-113.8132886544654,-90.51278942625557,478000674
sq,0.856954956054688,-1.6211181640625,-109.63772266253595,-86.1128336638017,478017341
sq,-0.943490600585937,-3.09012756347656,-103.94824120431076,-80.63899081293205,478034008
sq,-2.70842132568359,-4.4021240234375,-96.40611980293689,-73.96907017160291,478050675
sq,-4.3252197265625,-5.53288421630859,-86.94011225071102,-66.13504965922314,478067342
sq,-5.81531677246094,-6.64598999023437,-75.80517275956414,-57.340205953733886,478084009
sq,-6.88569030761719,-7.59089813232422,-63.561710816875774,-47.94236783051453,478100676
sq,-7.94480285644531,-8.33049163818359,-50.985048812964365,-38.406723559917836,478117343
sq,-8.86500701904297,-8.97653350830078,-38.92859279407596,-29.23701829641409,478134010
sq,-9.45845184326172,-9.42227325439453,-28.169936801272783,-20.898891219687766,478150677
sq,-9.78717956542969,-9.76008758544922,-19.27306042473177,-13.752112281559908,478167344
sq,-9.98019561767578,-9.86432800292969,-12.500683120209501,-8.008060040257755,478184011
sq,-10.1636520385742,-9.98162231445312,-7.800440478605711,-3.7231283411746996,478200678
sq,-10.2925506591797,-10.0461898803711,-4.865466461260661,-0.8271366655042169,478217345
sq,-10.4303527832031,-10.1187301635742,-3.2448851552325952,0.8278464133239001,478234012
sq,-10.5651718139648,-10.1753402709961,-2.4655463272320643,1.4207489031076397,478250679
sq,-10.6668029785156,-10.1930480957031,-2.1285135865012355,1.1358380734130793,478267346
sq,-10.7099624633789,-10.1480041503906,-1.9592916810153542,0.16386213159547297,478284013
sq,-10.6871276855469,-10.1352172851562,-1.8111823798443354,-1.2800921268640435,478300680
sq,-10.670671081543,-10.0811172485352,-1.6366564454270645,-2.9420355180860778,478317347
sq,-10.7096267700195,-10.0591598510742,-1.4461825411252054,-4.537083301139841,478334014
sq,-10.7544494628906,-10.0810256958008,-1.2692263842197122,-5.787838053713482,478350681
sq,-10.760270690918,-10.2472778320312,-1.1251554630545946,-6.483127182445812,478367348
sq,-10.7496963500977,-10.4625183105469,-1.0076725709472538,-6.5317190029312435,478384015
sq,-10.7423797607422,-10.6756683349609,-0.8843233758919194,-5.983099530039593,478400682
sq,-10.7677780151367,-10.738298034668,-0.7093091201736778,-5.001868525440929,478417349
sq,-10.8100448608398,-10.738557434082,-0.4430622197021695,-3.8060870503572857,478434016
sq,-10.8409439086914,-10.7128692626953,-0.06910908816811001,-2.5975613954557875,478450683
sq,-10.85,-10.7268844604492,0.39954223905628794,-1.5126084004184328,478467350
sq,-10.8330703735352,-10.7725540161133,0.9266735262561416,-0.6071666280861485,478484017
sq,-10.8108764648437,-10.8206039428711,1.468022094838497,0.12827910022184708,478500684
sq,-10.781037902832,-10.85,1.9883166908807812,0.7395177726822543,478517351
sq,-10.7369323730469,-10.8388000488281,2.4732826431417267,1.2809164802189643,478534018
sq,-10.6788497924805,-10.8120056152344,2.932223155961315,1.798186216101175,478550685
