Label,Left_Hip_q,Right_Hip_q,Left_Hip_qd,Right_Hip_qd,SampleTimeFine
lift,-82.54112244,-84.69988251,-9.312700272,-11.75450134,1348908068
lift,-82.74177551,-84.83563232,-15.12979507,-12.79494858,1348924735
lift,-82.98228455,-84.96308899,-17.59233284,-10.57890797,1348941402
lift,-83.31523132,-85.11889648,-24.49678612,-14.27692413,1348958069
lift,-83.6346817,-85.29639435,-26.17548752,-17.83510208,1348974736
lift,-83.98122406,-85.52368164,-33.23957062,-24.75892639,1348991403
lift,-84.2599411,-85.71303558,-32.98341751,-27.12190437,1349008070
lift,-84.55230713,-85.84876251,-36.58278275,-35.13452148,1349024737
lift,-84.86576843,-85.84545898,-42.38723755,-38.10829163,1349041404
lift,-85.15718079,-85.73432922,-49.40898514,-36.01657486,1349058071
lift,-85.29073334,-85.52687836,-54.53715134,-46.49469376,1349074738
lift,-85.08705902,-85.08430481,-55.95756912,-61.175457,1349091405
lift,-84.45239258,-84.40620422,-66.73077393,-63.99741745,1349108072
lift,-83.39808655,-83.57959747,-70.78179169,-60.9183197,1349124739
lift,-82.0845871,-82.49235535,-72.71177673,-71.21460724,1349141406
lift,-80.64691162,-81.11393738,-73.07210541,-84.92005157,1349158073
lift,-79.27137756,-79.66777802,-66.16480255,-82.83140564,1349174740
lift,-78.05565643,-78.21230316,-59.89126587,-81.1057663,1349191407
lift,-76.98162842,-76.79226685,-59.26736069,-82.79746246,1349208074
lift,-76.03555298,-75.6425705,-60.87751007,-71.05879211,1349224741
lift,-75.02700806,-74.65195465,-70.13515472,-60.90398407,1349241408
lift,-73.93266296,-73.63717651,-72.42739868,-60.96470642,1349258075
lift,-72.7102356,-72.62919617,-73.5463028,-59.73067474,1349274742
lift,-71.34542847,-71.44252014,-69.43186951,-69.51993561,1349291409
lift,-69.91265869,-70.14680481,-63.53276062,-74.51140594,1349308076
lift,-68.4875946,-69.00395966,-63.81701279,-63.13230515,1349324743
lift,-67.2100296,-67.78159332,-62.87150192,-68.95539093,1349341410
lift,-66.0672226,-66.52107239,-63.59227753,-72.0892868,1349358077
lift,-64.9839859,-65.2754364,-68.30863953,-67.69855499,1349374744
lift,-63.93016815,-64.06613159,-69.33478546,-63.51135635,1349391411
lift,-62.83024979,-62.85430527,-68.38143921,-63.28094482,1349408078
lift,-61.75174713,-61.63262939,-63.56228638,-64.87427521,1349424745
lift,-60.82339478,-60.43094635,-53.43655396,-66.3316803,1349441412
lift,-60.00819778,-59.32487106,-48.20921707,-63.80195999,1349458079
lift,-59.21701813,-58.31357956,-46.27120972,-60.13513947,1349474746
lift,-58.44487762,-57.3910141,-42.29989624,-57.37899399,1349491413
lift,-57.69087219,-56.47298813,-40.15882492,-59.87207413,1349508080
lift,-56.89620209,-55.51134491,-43.97969818,-63.09230804,1349524747
lift,-56.04593658,-54.55461502,-50.97318268,-62.15038681,1349541414
lift,-55.208992,-53.6807785,-54.11374283,-53.64532471,1349558081
lift,-54.37921524,-52.78749847,-54.60216904,-50.39199066,1349574748
lift,-53.58678436,-51.84789276,-51.0647049,-52.46358871,1349591415
lift,-52.71388245,-50.89965057,-53.86585236,-56.55317688,1349608082
lift,-51.80108261,-49.95732117,-53.22377777,-61.15091705,1349624749
lift,-50.76931,-48.99026108,-60.45074081,-64.95116425,1349641416
lift,-49.77780914,-48.08601379,-58.6084404,-60.90272903,1349658083
lift,-48.93952179,-47.15391922,-51.05742645,-60.5191803,1349674750
lift,-48.11978912,-46.08120346,-51.45176315,-67.01657104,1349691417
lift,-47.32054901,-44.96061707,-49.25353241,-70.08023071,1349708084
lift,-46.42430878,-43.91653061,-54.91602707,-67.00037384,1349724751
lift,-45.50628662,-42.98923874,-57.06501007,-59.96234894,1349741418
lift,-44.5670166,-42.08576202,-56.08294678,-58.16303635,1349758085
lift,-43.66590881,-41.11154175,-52.11583328,-61.4381752,1349774752
lift,-42.79188538,-40.0737114,-51.63435364,-64.45098114,1349791419
lift,-41.92643356,-39.0139122,-51.94275284,-65.82527924,1349808086
lift,-41.04185867,-38.01208115,-51.93973923,-62.59842682,1349824753
lift,-40.15455627,-37.1367836,-47.95202637,-56.35211945,1349841420
lift,-39.30699921,-36.25806808,-42.87384415,-57.2531662,1349858087
lift,-38.43518448,-35.33340073,-43.73619843,-58.57109451,1349874754
lift,-37.53116608,-34.52511215,-44.58135986,-51.50695419,1349891421
lift,-36.68918991,-33.76152039,-42.71631241,-49.62620926,1349908088
lift,-35.99156952,-32.89122772,-36.57384109,-56.20709991,1349924755
lift,-35.30075073,-32.0786438,-36.14188004,-49.72310257,1349941422
lift,-34.6105957,-31.37373352,-34.69131088,-40.83654022,1349958089
lift,-33.97285461,-30.73136139,-30.26151466,-35.1849823,1349974756
lift,-33.39323807,-30.18917656,-26.65205574,-27.54465103,1349991423
lift,-32.99458313,-29.74269485,-16.24412155,-21.01966858,1350008090
lift,-32.86659241,-29.43297577,-1.251925707,-13.52455139,1350024757
lift,-32.97676468,-29.33193398,12.40641022,-0.828738987,1350041424
lift,-33.12473297,-29.37831688,12.73752117,7.72562027,1350058091
lift,-33.31722641,-29.62417984,13.52308655,18.2234478,1350074758
lift,-33.68701935,-30.08658409,20.33385849,27.93627357,1350091425
lift,-34.26717758,-30.72794914,26.48105621,35.55460358,1350108092
lift,-34.93122864,-31.48344231,24.54888725,41.48917007,1350124759
lift,-35.76861191,-32.39818954,32.53510284,50.41474533,1350141426
lift,-36.74871063,-33.37709427,40.76496506,51.5358696,1350158093
lift,-37.79591751,-34.38069916,43.6844635,51.13101578,1350174760
lift,-38.89078522,-35.49539185,45.03471756,59.44946289,1350191427
lift,-40.0247612,-36.70163727,46.8805809,67.47396088,1350208094
lift,-41.28785706,-37.8662796,55.46249771,66.35305786,1350224761
lift,-42.65813065,-39.0042038,63.013237,65.87741852,1350241428
lift,-44.07476044,-40.25478745,69.24382019,72.67803955,1350258095
lift,-45.44501877,-41.58807373,70.18431854,76.87075043,1350274762
lift,-46.75668716,-42.99593353,71.64509583,83.00154114,1350291429
lift,-48.04552841,-44.40432739,75.62484741,84.87739563,1350308096
lift,-49.33288956,-45.73952103,79.99718475,82.50823975,1350324763
lift,-50.65182877,-47.06653976,84.45324707,82.53368378,1350341430
lift,-52.0606842,-48.45549393,91.40563202,85.36968231,1350358097
lift,-53.47857285,-49.88412476,91.89081573,86.78295135,1350374764
lift,-54.92402267,-51.38024902,90.06105042,89.5464859,1350391431
lift,-56.50570297,-52.91689301,96.84172821,90.10171509,1350408098
lift,-58.22121048,-54.46332169,103.0596848,87.68460846,1350424765
lift,-60.00550842,-56.10539246,102.4243698,91.24900818,1350441432
lift,-61.77226639,-57.88416672,97.4401474,99.38706207,1350458099
lift,-63.46213531,-59.61741638,90.70358276,95.79192352,1350474766
lift,-65.14205933,-61.28742599,93.30910492,92.16077423,1350491433
lift,-66.73478699,-62.9872818,90.98722076,96.17606354,1350508100
lift,-68.21295166,-64.72561646,80.89998627,101.173172,1350524767
lift,-69.7624588,-66.31623077,81.9355011,90.14839935,1350541434
lift,-71.38461304,-67.92687988,84.53012085,91.72239685,1350558101
lift,-72.92620087,-69.4854126,77.71143341,90.84485626,1350574768
lift,-74.41429138,-71.02601624,82.37140656,90.68364716,1350591435
lift,-75.73277283,-72.56656647,78.05915833,91.28390503,1350608102
lift,-77.02591705,-74.12893677,78.19710541,88.54296875,1350624769
lift,-78.32170868,-75.57263947,80.51122284,79.3763504,1350641436
lift,-79.469841,-77.03129578,72.23961639,87.75956726,1350658103
lift,-80.47354126,-78.36839294,61.34732056,85.41645813,1350674770
lift,-81.35012054,-79.42404175,54.38437271,68.50099182,1350691437
lift,-82.08245087,-80.29129028,55.83517075,55.46097565,1350708104
lift,-82.63990021,-81.09625244,54.99297714,51.60657501,1350724771
lift,-83.0807724,-81.79981995,51.06302261,44.77812576,1350741438
lift,-83.40792847,-82.47293091,35.53018188,46.16191101,1350758105
lift,-83.71799469,-83.11820984,27.47112656,48.19206619,1350774772
lift,-84.054039,-83.70925903,17.10900307,49.68849564,1350791439
lift,-84.3815155,-84.10864258,8.479625702,43.20867157,1350808106
lift,-84.54515839,-84.40812683,19.09257126,34.61182404,1350824773
lift,-84.3651886,-84.68197632,36.66005707,25.02729607,1350841440
lift,-84.16044617,-84.99132538,26.25110435,20.95591927,1350858107
lift,-84.05169678,-85.27668762,13.63814163,11.95734787,1350874774
lift,-84.03320313,-85.4447403,8.027516365,23.61304092,1350891441
lift,-84.09604645,-85.41785431,4.64907217,41.99172592,1350908108
lift,-84.13613129,-85.32496643,6.32578373,39.74871063,1350924775
lift,-83.92597961,-85.3102417,23.03118706,36.60537338,1350941442
lift,-83.57361603,-85.37171173,26.91261864,30.19666672,1350958109
lift,-83.33599854,-85.40253448,14.16297245,24.57623482,1350974776
lift,-83.22008514,-85.37246704,-0.271674693,13.47078419,1350991443
lift,-83.18762207,-85.2880249,-7.888346195,3.022945404,1351008110
lift,-83.18732452,-85.21783447,-3.567327023,-6.178436279,1351024777
lift,-83.09346008,-85.18891907,10.38886738,-3.474179268,1351041444
lift,-83.05982971,-85.24560547,7.813835621,3.168200731,1351058111
lift,-83.11096954,-85.21611023,-1.490292549,16.27946091,1351074778
lift,-83.23743439,-85.19482422,-11.09009171,11.71909618,1351091445
lift,-83.34247589,-85.24882507,-14.06076527,2.027307272,1351108112
lift,-83.19773102,-85.42752838,1.182314515,-8.985202789,1351124779
lift,-83.06995392,-85.56491852,4.434475422,-7.71710062,1351141446
lift,-83.03942871,-85.59211731,0.184174731,-1.202017903,1351158113
lift,-82.8931427,-85.55129242,8.811454773,3.080383539,1351174780
lift,-82.80336761,-85.55256653,3.85750103,-0.39200303,1351191447
lift,-82.8735199,-85.60774231,-5.905947208,-3.324276686,1351208114
lift,-82.93847656,-85.6788559,-5.470361233,-6.46757555,1351224781
lift,-82.91811371,-85.68766022,0.635714293,-3.698838711,1351241448
lift,-82.84952545,-85.5949173,1.584281325,3.134633303,1351258115
lift,-82.80451202,-85.51764679,-1.80668366,1.267144203,1351274782
lift,-82.81965637,-85.53419495,-6.299798012,-6.208147526,1351291449
lift,-82.90336609,-85.55794525,-10.89975929,-7.713538647,1351308116
lift,-82.95588684,-85.60314178,-8.354829788,-10.76206493,1351324783
lift,-82.9910965,-85.65837097,-9.097415924,-14.93854427,1351341450
lift,-83.05335999,-85.75251007,-12.64702129,-19.31773376,1351358117
lift,-83.16376495,-85.86914825,-16.87067795,-24.99717903,1351374784
lift,-83.26413727,-85.90777588,-17.11036682,-31.89896393,1351391451
lift,-83.40584564,-85.85079193,-25.06295967,-32.23640823,1351408118
lift,-83.52422333,-85.7196579,-28.15955734,-39.27148438,1351424785
lift,-83.58113098,-85.47070313,-31.75066757,-49.72017288,1351441452
lift,-83.54150391,-85.04520416,-38.05389023,-52.79666901,1351458119
lift,-83.33300018,-84.41500092,-39.98825836,-56.34726334,1351474786
lift,-82.97954559,-83.5716629,-39.3599472,-57.07627106,1351491453
lift,-82.58580017,-82.60790253,-47.11709976,-56.94832611,1351508120
lift,-82.13555908,-81.61437988,-59.52251053,-59.9895401,1351524787
lift,-81.54042816,-80.57021332,-65.69060516,-67.9393692,1351541454
lift,-80.80413818,-79.44363403,-67.53928375,-74.12659454,1351558121
lift,-79.9442749,-78.22622681,-68.62916565,-76.91819763,1351574788
lift,-78.85367584,-77.16113281,-75.70046234,-63.27468109,1351591455
lift,-77.55610657,-76.02997589,-79.89809418,-65.23590851,1351608122
lift,-76.20722961,-74.88076019,-77.3849411,-65.20194244,1351624789
lift,-74.75788116,-73.6701355,-81.61659241,-69.39111328,1351641456
lift,-73.24456024,-72.3636322,-80.98776245,-76.43782043,1351658123
lift,-71.72562408,-71.06057739,-78.38795471,-76.63720703,1351674790
lift,-70.33247375,-69.74291229,-70.42745209,-77.51651764,1351691457
lift,-69.06962585,-68.42997742,-66.54386139,-74.31137848,1351708124
lift,-67.90964508,-67.17878723,-61.93117523,-68.51883698,1351724791
lift,-66.5963974,-65.98810577,-71.96522522,-64.76616669,1351741458
lift,-65.205513,-64.74347687,-74.61120605,-68.97068787,1351758125
lift,-63.94878006,-63.33200073,-66.14015198,-81.70180511,1351774792
lift,-62.71816635,-61.95168686,-68.3372345,-81.38130951,1351791459
lift,-61.57767487,-60.66010666,-65.1003418,-76.16151428,1351808126
lift,-60.53786469,-59.51184082,-60.49414444,-66.45412445,1351824793
lift,-59.43931198,-58.42603302,-65.24221802,-62.49108124,1351841460
lift,-58.41747665,-57.29202652,-60.78299332,-67.58524323,1351858127
lift,-57.41020584,-56.18611526,-61.45347214,-66.43923187,1351874794
lift,-56.32989502,-55.15673065,-65.34909058,-61.18768311,1351891461
lift,-55.32650757,-54.07282639,-60.44984436,-64.23577118,1351908128
lift,-54.45962143,-52.99996567,-53.78967667,-65.42990875,1351924795
lift,-53.67899704,-51.97330856,-48.10486984,-64.19668579,1351941462
lift,-52.81914902,-51.07038879,-51.42889404,-55.74300003,1351958129
lift,-51.88126755,-50.16038513,-55.44444275,-56.05554581,1351974796
lift,-50.95050812,-49.22488022,-56.26683807,-57.70293427,1351991463
lift,-50.11847305,-48.35898972,-50.76512146,-53.27203751,1352008130
lift,-49.34963608,-47.53151321,-46.77552795,-51.43514633,1352024797
lift,-48.50448227,-46.66139221,-50.06753922,-54.83143234,1352041464
lift,-47.60850906,-45.70174408,-53.35853958,-60.79773331,1352058131
lift,-46.69979858,-44.6722641,-54.82647705,-63.56339264,1352074798
lift,-45.835289,-43.59827423,-51.26153564,-66.86434937,1352091465
lift,-45.1010704,-42.68410492,-43.36052322,-59.49754715,1352108132
lift,-44.39622879,-41.85706711,-42.51293945,-56.1582222,1352124799
lift,-43.54018784,-41.0745697,-50.00830841,-54.05475616,1352141466
lift,-42.53688431,-40.20929718,-57.52008438,-56.55727768,1352158133
lift,-41.57432556,-39.22467804,-54.40438843,-60.97269821,1352174800
lift,-40.67440033,-38.33877945,-51.88610077,-54.65679169,1352191467
lift,-39.84928131,-37.41843033,-48.07221603,-58.7071991,1352208134
lift,-39.02050781,-36.45418167,-48.95691681,-60.39978027,1352224801
lift,-38.15640259,-35.62340546,-49.46347809,-50.43075943,1352241468
lift,-37.39402771,-34.82237244,-41.76340103,-48.57029724,1352258135
lift,-36.61341476,-34.05257416,-40.27070618,-47.20097733,1352274802
lift,-35.74730301,-33.2323761,-41.97261429,-49.94068527,1352291469
lift,-34.89970398,-32.51777267,-39.53641129,-42.69456863,1352308136
lift,-34.21800232,-31.81867599,-32.07795715,-39.85412216,1352324803
lift,-33.73358917,-31.20585442,-21.96525764,-33.42302704,1352341470
lift,-33.41003036,-30.70257759,-13.03184891,-25.88273811,1352358137
lift,-33.15049362,-30.30925941,-9.159402847,-18.03910637,1352374804
lift,-32.90594101,-30.00085068,-8.096441269,-10.65979004,1352391471
lift,-32.7279892,-29.84025383,-3.311599016,-1.247457862,1352408138
lift,-32.67700195,-29.80621147,2.743091106,4.037396431,1352424805
lift,-32.81795883,-29.995718,9.799430847,13.14217281,1352441472
lift,-33.12968063,-30.2290554,14.07139683,12.18970108,1352458139
lift,-33.63531113,-30.56096458,23.58297729,16.40436554,1352474806
lift,-34.22932816,-31.06426811,27.0523777,23.40499496,1352491473
lift,-34.92036057,-31.80104065,31.92405891,34.73405075,1352508140
lift,-35.7068634,-32.64292908,38.98829269,39.5077858,1352524807
lift,-36.68809128,-33.57984161,51.52704239,46.15185928,1352541474
lift,-37.777565,-34.55872726,58.41256332,48.54562378,1352558141
lift,-38.88742447,-35.60765076,61.13255692,51.96669006,1352574808
lift,-39.97937393,-36.70392609,61.90550995,55.56038284,1352591475
lift,-41.08535767,-37.82190704,62.58106995,59.33800507,1352608142
lift,-42.24330139,-38.94816971,65.47639465,61.93648529,1352624809
lift,-43.46733093,-40.11739731,70.78562164,65.7572403,1352641476
lift,-44.67809296,-41.34313583,71.30484009,70.26202393,1352658143
lift,-45.84825134,-42.57729721,69.84451294,72.86295319,1352674810
lift,-46.97361374,-43.78813171,68.57310486,73.82761383,1352691477
lift,-48.11777115,-45.0132103,69.54325867,77.61313629,1352708144
lift,-49.35543823,-46.24279404,72.85462189,78.64313507,1352724811
lift,-50.6422081,-47.48456192,74.49623871,78.65978241,1352741478
lift,-51.92750931,-48.78768539,72.97377777,81.37493896,1352758145
lift,-53.26363373,-50.16591263,72.71472931,84.96516418,1352774812
lift,-54.67556763,-51.60158539,72.78753662,86.742836,1352791479
lift,-56.16580963,-53.00678253,75.38399506,83.47776794,1352808146
lift,-57.73119736,-54.38256454,81.42803192,83.47881317,1352824813
lift,-59.28290939,-55.72296906,82.0384903,81.99803162,1352841480
lift,-60.79124069,-57.09742737,80.36515808,82.75131989,1352858147
lift,-62.22456741,-58.53727722,74.64924622,84.74835205,1352874814
lift,-63.65485001,-60.07260895,74.83406067,90.47253418,1352891481
lift,-65.07867432,-61.4845314,72.72911835,81.35462952,1352908148
lift,-66.54059601,-62.94603348,75.33426666,84.67780304,1352924815
lift,-68.01319122,-64.38317871,76.71096802,83.03965759,1352941482
lift,-69.41730499,-65.72092438,71.78013611,78.74014282,1352958149
lift,-70.78237152,-66.97497559,73.05072784,75.23052979,1352974816
lift,-72.00242615,-68.18302155,68.69252777,71.81620026,1352991483
lift,-73.10090637,-69.37197876,63.28110123,68.64155579,1353008150
lift,-74.16243744,-70.60614014,63.59466934,71.38990021,1353024817
lift,-75.1689682,-71.74351501,64.04356384,65.50164032,1353041484
lift,-76.12686157,-72.81077576,62.27577972,62.22720337,1353058151
lift,-77.01800537,-73.75371552,60.19186783,53.98139191,1353074818
lift,-77.80096436,-74.55026245,56.20411301,46.28152466,1353091485
lift,-78.52319336,-75.32357025,61.90173721,46.43954849,1353108152
lift,-79.1999054,-76.13915253,66.03606415,49.15148926,1353124819
lift,-79.86748505,-76.91779327,62.09358597,45.09872818,1353141486
lift,-80.55286407,-77.6529007,53.09563446,43.20743179,1353158153
lift,-81.25901794,-78.36941528,50.23908997,45.11273956,1353174820
lift,-81.83247375,-79.12013245,54.63832855,48.43523788,1353191487
lift,-82.14322662,-79.94355011,57.19631195,53.65394974,1353208154
lift,-82.350914,-80.74868011,44.89339066,53.91566086,1353224821
lift,-82.56136322,-81.45415497,23.14883041,47.76767349,1353241488
lift,-82.67841339,-82.07538605,18.95090675,43.69343185,1353258155
lift,-82.64785004,-82.61170197,17.80371284,41.2730484,1353274822
lift,-82.48880005,-83.01059723,17.78964043,31.07209587,1353291489
lift,-82.31269836,-83.25200653,12.39719963,24.08524513,1353308156
lift,-82.1872406,-83.34754944,5.330711842,19.36870575,1353324823
lift,-82.22290039,-83.38384247,-3.330082178,11.04976082,1353341490
lift,-82.16481018,-83.36434174,9.321576118,6.830949306,1353358157
lift,-81.98394012,-83.52922821,25.86966133,25.02832985,1353374824
lift,-81.96715546,-83.81931305,16.89902496,25.24305725,1353391491
lift,-82.10427094,-84.13074493,4.484646797,21.42115593,1353408158
lift,-82.20454407,-84.41304016,-0.098890819,27.99127007,1353424825
lift,-82.22406006,-84.60011292,-1.483603001,23.25517654,1353441492
lift,-82.18041229,-84.76932526,-2.743185997,19.03049278,1353458159
lift,-82.14692688,-84.97628784,-1.887263656,16.15777397,1353474826
lift,-82.18907166,-85.12187195,-3.277416706,0.625327885,1353491493
lift,-82.17717743,-85.10431671,1.543185472,-3.631740093,1353508160
lift,-82.07365417,-84.94289398,7.620594025,-8.261098862,1353524827
lift,-81.98329926,-84.7829361,4.449573994,-1.712082505,1353541494
lift,-81.96337128,-84.7158432,-0.186703786,0.855753303,1353558161
lift,-82.04667664,-84.72359467,-3.623648167,-7.441071987,1353574828
lift,-82.24442291,-84.75066376,-10.61743069,-0.904179931,1353591495
lift,-82.33740234,-84.75413513,-6.398028851,2.724928856,1353608162
lift,-82.26483154,-84.73508453,0.688757598,0.641796589,1353624829
lift,-82.15170288,-84.76786041,1.057900667,1.687166214,1353641496
lift,-82.13017273,-84.82123566,-3.755001068,-5.127613544,1353658163
lift,-82.27145386,-84.82195282,-11.85603523,-5.752692699,1353674830
lift,-82.46118164,-84.75757599,-15.19234943,-5.823126793,1353691497
lift,-82.56858826,-84.70838928,-11.76101494,-4.626461029,1353708164
lift,-82.56119537,-84.74025726,-4.929944992,-6.254123211,1353724831
lift,-82.52153015,-84.80800629,-3.248095512,-9.459989548,1353741498
lift,-82.5276947,-84.85482788,-7.593995571,-6.933154583,1353758165
lift,-82.60251617,-84.83384705,-15.01270485,-6.266378403,1353774832
lift,-82.69508362,-84.77056122,-19.45019722,-7.090941906,1353791499
lift,-82.77496338,-84.70191193,-22.32686234,-10.50341415,1353808166
lift,-82.82720184,-84.5995636,-22.84467316,-19.57053947,1353824833
lift,-82.90480042,-84.40826416,-23.87427711,-29.86317635,1353841500
lift,-83.05443573,-84.09083557,-32.78285217,-38.4131813,1353858167
lift,-83.19190979,-83.63256073,-42.49745178,-43.7766304,1353874834
lift,-83.16516876,-82.96003723,-42.6251297,-54.02963638,1353891501
lift,-82.97320557,-82.14622498,-34.59600067,-58.03266907,1353908168
lift,-82.70970917,-81.3536911,-42.65333939,-52.03303528,1353924835
lift,-82.29154205,-80.49250031,-60.09820175,-56.54808044,1353941502
lift,-81.59218597,-79.48342896,-71.66317749,-62.52937317,1353958169
lift,-80.60288239,-78.29328918,-76.98469543,-69.20127106,1353974836
lift,-79.36656952,-77.02622986,-84.99137115,-71.39707947,1353991503
lift,-77.92617035,-75.71611786,-93.03674316,-75.25538635,1354008170
lift,-76.342453,-74.35374451,-99.50270081,-83.99848175,1354024837
lift,-74.71772766,-73.06357574,-91.6132431,-80.31933594,1354041504
lift,-73.28561401,-71.81866455,-71.11683655,-77.41069794,1354058171
lift,-71.93989563,-70.43865967,-71.98226929,-84.99188232,1354074838
lift,-70.6606369,-69.04895782,-75.73262024,-83.09648895,1354091505
lift,-69.44443512,-67.84189606,-72.97964478,-66.4770813,1354108172
lift,-68.2392807,-66.74747467,-69.44536591,-54.62034225,1354124839
lift,-66.96716309,-65.54944611,-70.55640411,-60.92587662,1354141506
lift,-65.79897308,-64.32347107,-61.34178543,-65.82361603,1354158173
lift,-64.72566223,-63.08458328,-58.89186478,-70.05709076,1354174840
lift,-63.69348145,-61.98126221,-58.6809082,-61.89880753,1354191507
lift,-62.65887833,-60.97598267,-59.04354858,-57.91228104,1354208174
lift,-61.6460228,-60.00715256,-57.02868271,-56.26914597,1354224841
lift,-60.67923737,-59.0196228,-54.03300858,-57.61893082,1354241508
lift,-59.76171875,-57.98439407,-52.81580353,-60.70155716,1354258175
lift,-58.92790985,-57.04018402,-49.19348145,-55.58138657,1354274842
lift,-58.20122528,-56.25581741,-43.96518707,-47.29954147,1354291509
lift,-57.53973389,-55.51317978,-40.42471695,-47.47533798,1354308176
lift,-56.76025009,-54.70848846,-48.08787918,-55.23849106,1354324843
lift,-55.81713486,-53.85330963,-57.05985641,-59.25645447,1354341510
lift,-54.78536606,-53.00895691,-60.7113533,-57.67630386,1354358177
lift,-53.71160507,-52.12067413,-65.07337952,-56.38168335,1354374844
lift,-52.73136139,-51.15042877,-60.7064743,-56.54603195,1354391511
lift,-51.8556633,-50.17183304,-53.47991943,-56.04184723,1354408178
lift,-50.92901993,-49.1362114,-55.59203339,-59.86610413,1354424845
lift,-49.97638702,-48.09050369,-54.48248672,-62.11611938,1354441512
lift,-48.93151855,-47.04459,-59.80862808,-65.19109344,1354458179
lift,-47.87533569,-46.02462006,-62.59758377,-65.28151703,1354474846
lift,-46.78749466,-44.93382645,-67.43930054,-69.20605469,1354491513
lift,-45.66260147,-43.78090668,-68.69061279,-73.58940125,1354508180
lift,-44.65020752,-42.53477478,-61.15364838,-78.49345398,1354524847
lift,-43.82728195,-41.35718918,-50.52972794,-73.14100647,1354541514
lift,-43.05688095,-40.31755447,-48.53448486,-66.84364319,1354558181
lift,-42.11922836,-39.31990051,-55.97498322,-66.09632874,1354574848
lift,-41.01636505,-38.2882309,-59.97628784,-68.57331848,1354591515
lift,-39.91213989,-37.22226334,-57.22361755,-68.2208786,1354608182
lift,-38.83125305,-36.10993195,-56.64993286,-66.05587769,1354624849
lift,-37.8698349,-35.04185104,-49.26551056,-60.72766876,1354641516
lift,-36.90587616,-34.07569885,-48.84168243,-56.26491165,1354658183
lift,-35.98962021,-33.21843338,-44.57621002,-51.89298248,1354674850
lift,-35.0762558,-32.37878036,-44.67002487,-50.35261917,1354691517
lift,-34.10367966,-31.56226349,-46.65259552,-45.5497551,1354708184
lift,-33.22693634,-30.79079056,-40.23112106,-41.22060013,1354724851
lift,-32.49816132,-29.98680115,-34.72541428,-43.14573669,1354741518
lift,-31.93720245,-29.26977921,-24.06991959,-37.811306,1354758185
lift,-31.49747849,-28.7298317,-18.08347511,-26.04258156,1354774852
lift,-31.18388748,-28.51162529,-12.76828194,-5.795806408,1354791519
lift,-31.11694145,-28.44073296,2.214841604,3.730326176,1354808186
lift,-31.22481537,-28.56898499,9.725510597,15.30050373,1354824853
lift,-31.48026657,-28.82541275,14.54261017,22.23849487,1354841520
lift,-31.90326118,-29.15446854,18.3485775,23.29073334,1354858187
lift,-32.51583481,-29.57996178,24.61431313,23.65721512,1354874854
lift,-33.27733231,-30.24966431,31.91054153,34.01366806,1354891521
lift,-34.24904251,-31.1682682,44.58503723,46.25891113,1354908188
lift,-35.39484787,-32.28175354,54.14225388,54.07288742,1354924855
lift,-36.61872864,-33.47750854,58.7608223,58.65684509,1354941522
lift,-37.91659164,-34.65924454,65.49293518,58.50225067,1354958189
lift,-39.18177795,-35.9280777,66.22548676,64.71881866,1354974856
lift,-40.44538879,-37.29664612,69.1330719,70.45773315,1354991523
lift,-41.71813583,-38.70985031,71.9141922,73.30807495,1355008190
lift,-43.05064011,-40.08501816,77.25666809,73.13053131,1355024857
lift,-44.37531662,-41.34386826,77.70889282,66.7314682,1355041524
lift,-45.67525101,-42.58203125,79.36181641,64.9863739,1355058191
lift,-46.90749359,-43.84912491,78.68711853,67.37956238,1355074858
lift,-48.08649826,-45.13185501,78.62779236,70.00106812,1355091525
lift,-49.23015594,-46.39042664,76.63165283,71.33479309,1355108192
lift,-50.37569427,-47.62570572,74.98735809,71.82818604,1355124859
lift,-51.56530762,-48.89764404,75.36354065,74.71392059,1355141526
lift,-52.8161087,-50.21928406,76.46903992,77.37578583,1355158193
lift,-54.12733841,-51.64654541,74.98802948,83.78255463,1355174860
lift,-55.53475189,-53.05098724,75.37055969,83.7359314,1355191527
lift,-56.95034027,-54.37295151,74.78199005,80.8748703,1355208194
lift,-58.36012268,-55.6449585,75.65200043,79.88734436,1355224861
lift,-59.7867012,-56.92676544,76.33766174,81.19504547,1355241528
lift,-61.23471069,-58.2754631,77.11221313,84.89298248,1355258195
lift,-62.69471741,-59.65653992,77.15910339,84.38516235,1355274862
lift,-64.11398315,-61.10391235,74.29425812,87.78820038,1355291529
lift,-65.47676086,-62.56201172,69.55490112,87.91830444,1355308196
lift,-66.83654022,-63.98127747,68.77465057,86.31222534,1355324863
lift,-68.18962097,-65.32351685,69.44194794,83.95489502,1355341530
lift,-69.54320526,-66.63117218,71.62203979,83.05357361,1355358197
lift,-70.83116913,-67.82019806,68.67948914,72.35234833,1355374864
lift,-72.05870819,-68.92646027,65.50009155,64.97133636,1355391531
lift,-73.18928528,-70.09365845,56.3314743,71.75171661,1355408198
lift,-74.31122589,-71.22662354,57.05881119,70.31095123,1355424865
lift,-75.36327362,-72.29482269,54.04214859,64.12639618,1355441532
lift,-76.31223297,-73.25669098,48.79248047,56.37202454,1355458199
lift,-77.15856171,-74.16780853,52.8122406,53.77026749,1355474866
lift,-77.98487091,-75.08694458,62.11966324,57.16402054,1355491533
lift,-78.77674103,-75.98549652,60.73191071,52.63174438,1355508200
lift,-79.56921387,-76.88327026,59.24357224,50.51086426,1355524867
lift,-80.27281952,-77.82861328,58.28929138,55.18865967,1355541534
lift,-80.82564545,-78.56974792,55.42495728,41.44332504,1355558201
lift,-81.26693726,-79.22409821,48.05201721,38.06518936,1355574868
lift,-81.64506531,-79.90133667,43.27600479,45.80207062,1355591535
lift,-81.96024323,-80.52095032,36.84415436,41.65982819,1355608202
lift,-82.17192841,-81.19569397,31.93947029,51.08914185,1355624869
lift,-82.39276886,-81.86626434,24.30835533,49.4786377,1355641536
lift,-82.6709137,-82.44404602,18.62548828,43.21855164,1355658203
lift,-82.92346191,-82.98796082,23.13443947,46.30043411,1355674870
lift,-83.0549469,-83.47244263,25.91361618,38.94561768,1355691537
lift,-83.05567169,-83.91414642,27.6538887,35.5687027,1355708204
lift,-83.05909729,-84.2889328,23.91131973,42.60762024,1355724871
lift,-83.10454559,-84.44017792,14.43715,38.51384735,1355741538
lift,-83.18031311,-84.45645142,5.149776936,28.78045082,1355758205
lift,-83.29340363,-84.44352722,-4.252723217,9.356760979,1355774872
lift,-83.28781891,-84.41131592,1.207830548,-1.578628898,1355791539
lift,-83.13996124,-84.34642792,11.25535393,12.93908882,1355808206
lift,-82.97192383,-84.3079071,13.66550446,-0.216606617,1355824873
lift,-82.92756653,-84.30287933,5.616961956,4.054638386,1355841540
lift,-82.9930191,-84.30467224,-1.537697315,3.621245623,1355858207
lift,-83.03466797,-84.35916901,2.918945313,-8.605396271,1355874874
lift,-83.00697327,-84.3711319,10.60491371,-4.177200794,1355891541
lift,-82.95975494,-84.26992035,7.516274929,17.70632362,1355908208
lift,-82.96952057,-84.19850159,-1.11606288,11.89966488,1355924875
lift,-83.06347656,-84.22599792,-11.52586746,-3.958960772,1355941542
lift,-83.11023712,-84.26380157,-8.918353081,-8.466355324,1355958209
lift,-83.10227203,-84.30364227,-2.211259365,-13.48423767,1355974876
lift,-83.09786224,-84.3463974,1.119845867,-11.66088104,1355991543
lift,-83.09113312,-84.33486938,2.403518438,-2.844408274,1356008210
lift,-83.04432678,-84.27204132,3.176754713,9.106563568,1356024877
lift,-83.01722717,-84.22226715,0.368023008,-0.333247304,1356041544
lift,-83.00234985,-84.20918274,-1.253333449,-3.890877962,1356058211
lift,-82.96812439,-84.21795654,-0.458979636,-7.531620502,1356074878
lift,-82.94111633,-84.23184204,-2.970880985,-7.90348196,1356091545
lift,-82.92795563,-84.21846771,-3.970366001,-10.2979002,1356108212
lift,-82.93336487,-84.19036102,-3.824257851,-7.799455643,1356124879
lift,-82.93503571,-84.16004181,-4.508820534,-7.312775612,1356141546
lift,-82.93731689,-84.12460327,-5.382906437,-10.23388195,1356158213
lift,-82.97655487,-84.07315826,-8.527327538,-14.965312,1356174880
lift,-83.06034088,-84.01136017,-12.06370258,-19.66578484,1356191547
lift,-83.15705872,-83.94822693,-16.82118607,-20.10036087,1356208214
lift,-83.20067596,-83.82080078,-18.10376358,-24.87216759,1356224881
lift,-83.19525146,-83.57776642,-17.89172935,-31.11091805,1356241548
lift,-83.1950531,-83.17160034,-21.22266006,-37.86712646,1356258215
lift,-83.25823212,-82.70252228,-31.91627502,-35.50229645,1356274882
lift,-83.31871796,-82.1750946,-39.04985046,-38.71245956,1356291549
lift,-83.28834534,-81.63646698,-46.04216003,-41.39086151,1356308216
lift,-83.06642151,-81.1428833,-51.13873672,-41.53927994,1356324883
lift,-82.61066437,-80.51699829,-47.76100159,-56.1508522,1356341550
lift,-81.94204712,-79.57991791,-53.21971512,-73.12342072,1356358217
lift,-81.11302948,-78.42490387,-65.37812042,-77.09298706,1356374884
lift,-80.11745453,-77.36143494,-76.73609924,-63.92010117,1356391551
lift,-78.93648529,-76.32279205,-87.30608368,-60.41550446,1356408218
lift,-77.55189514,-75.22226715,-86.71271515,-64.70378113,1356424885
lift,-76.14112091,-74.20462799,-73.41766357,-61.4747963,1356441552
lift,-74.63179016,-73.2729187,-75.93630219,-56.24330902,1356458219
lift,-73.06481934,-72.24536133,-81.4118576,-60.62779999,1356474886
lift,-71.6138916,-71.06795502,-72.74260712,-69.72494507,1356491553
lift,-70.28108978,-69.78630066,-70.39987946,-76.22431946,1356508220
lift,-68.99986267,-68.49724579,-73.18934631,-75.8729248,1356524887
lift,-67.77181244,-67.26159668,-72.46894073,-70.15504456,1356541554
lift,-66.55153656,-66.10517883,-71.2940979,-64.47174835,1356558221
lift,-65.32894897,-65.02254486,-69.60137939,-59.33834076,1356574888
lift,-64.13282013,-63.87831879,-64.80423737,-63.60505295,1356591555
lift,-62.90054321,-62.60868454,-65.80867004,-70.31763458,1356608222
lift,-61.69422913,-61.35657501,-64.47225952,-69.10361481,1356624889
lift,-60.54888916,-60.11292648,-63.16174316,-71.60882568,1356641556
lift,-59.48896027,-58.89269257,-61.50021362,-71.62083435,1356658223
lift,-58.47719193,-57.65744019,-62.07618713,-72.57466125,1356674890
lift,-57.48677826,-56.44338989,-60.65067291,-70.05436707,1356691557
lift,-56.4848175,-55.36994934,-59.18188095,-63.08065033,1356708224
lift,-55.38383865,-54.36996078,-64.79994202,-63.38536453,1356724891
lift,-54.31827545,-53.31947708,-64.81813049,-68.34666443,1356741558
lift,-53.37699509,-52.21557617,-59.35427475,-70.33268738,1356758225
lift,-52.53246689,-51.2050209,-51.44280243,-63.80289459,1356774892
lift,-51.61149979,-50.25628662,-52.27267075,-59.59128571,1356791559
lift,-50.55490875,-49.27879715,-57.0919838,-60.72739792,1356808226
lift,-49.52144623,-48.28681946,-57.68669128,-61.01478958,1356824893
lift,-48.62824249,-47.3168602,-55.43044662,-60.29398727,1356841560
lift,-47.76949692,-46.39805603,-55.86055756,-56.59215546,1356858227
lift,-46.84340286,-45.52817535,-58.36774445,-54.56339645,1356874894
lift,-45.86342239,-44.5651207,-61.91028214,-61.96177673,1356891561
lift,-44.81740189,-43.48326111,-67.50922394,-68.63998413,1356908228
lift,-43.85856628,-42.44704819,-60.13237,-64.59191132,1356924895
lift,-42.96853256,-41.55302811,-56.53709412,-57.0854187,1356941562
lift,-42.15126038,-40.66318512,-54.04821014,-58.16572189,1356958229
lift,-41.34506226,-39.67699814,-51.47954941,-63.20211029,1356974896
lift,-40.49737549,-38.61123657,-49.94798279,-66.9203186,1356991563
lift,-39.61825943,-37.60678482,-49.48790741,-64.9683609,1357008230
lift,-38.79293823,-36.71631241,-44.71413803,-59.72135162,1357024897
lift,-37.93520737,-35.89195633,-45.79080582,-53.72066116,1357041564
lift,-37.13295746,-35.04588699,-43.64371109,-53.1629982,1357058231
lift,-36.36818695,-34.29771805,-42.79721069,-46.63866425,1357074898
lift,-35.60273361,-33.53171921,-41.21555328,-46.46053314,1357091565
lift,-34.78850174,-32.79623795,-42.81900024,-42.60179901,1357108232
lift,-34.02708054,-32.08415604,-40.73273468,-38.98817062,1357124899
lift,-33.38562393,-31.42446136,-35.07860565,-34.29573822,1357141566
lift,-32.78721237,-30.86243629,-31.83520508,-27.61060905,1357158233
lift,-32.24203491,-30.31695938,-26.56263733,-26.02433777,1357174900
lift,-31.71832275,-29.83999634,-22.09678841,-21.4819622,1357191567
lift,-31.27924156,-29.5059433,-16.37167931,-11.33489418,1357208234
lift,-31.04817581,-29.28400612,-5.833853245,-4.71628046,1357224901
lift,-31.03744888,-29.20332146,2.751197338,1.119373083,1357241568
lift,-31.17188454,-29.32086182,8.645886421,11.03798771,1357258235
lift,-31.42846107,-29.54623413,13.41765499,14.66870594,1357274902
lift,-31.80636024,-29.95049858,17.0319767,21.79574585,1357291569
lift,-32.38255692,-30.50458527,25.83473396,27.74047852,1357308236
lift,-33.14355087,-31.18707085,35.44433975,35.60203552,1357324903
lift,-33.98151398,-31.94808388,39.31820679,40.10113144,1357341570
lift,-34.92938995,-32.83090973,46.85829544,46.51016235,1357358237
lift,-36.01942062,-33.80831909,56.99928284,52.17047501,1357374904
lift,-37.1582489,-34.86278915,60.30595398,57.04969788,1357391571
lift,-38.35596085,-35.93932724,65.42575073,58.30754471,1357408238
lift,-39.57387924,-37.05116653,69.04390717,60.36494446,1357424905
lift,-40.78634262,-38.18711472,72.46118927,61.4593544,1357441572
lift,-41.86990738,-39.34693909,66.89095306,62.46833801,1357458239
lift,-42.86295319,-40.49118423,63.44801712,62.21895218,1357474906
lift,-43.79662704,-41.58672714,60.25833893,61.76659775,1357491573
lift,-44.79536057,-42.62394333,64.38523102,59.97114563,1357508240
lift,-45.86361694,-43.64916611,67.05874634,59.9970932,1357524907
lift,-46.9461441,-44.68421173,65.30036163,60.60434341,1357541574
lift,-48.07524109,-45.76900482,67.79932404,62.67467117,1357558241
lift,-49.20342636,-46.93656921,66.60826874,67.86022949,1357574908
lift,-50.38615799,-48.11099243,67.67697144,67.91992188,1357591575
lift,-51.67276764,-49.31931305,72.21431732,70.50746918,1357608242
lift,-53.03131104,-50.54044724,76.87233734,71.85459137,1357624909
lift,-54.38071823,-51.81321335,75.30727386,74.61167908,1357641576
lift,-55.69299316,-53.11791229,70.0456543,77.02108002,1357658243
lift,-57.06289673,-54.52472687,71.53276825,81.90483856,1357674910
lift,-58.54410553,-55.97546005,76.97425842,84.96531677,1357691577
lift,-60.0385437,-57.38630676,76.17116547,84.88267517,1357708244
lift,-61.51707077,-58.7878952,75.75860596,85.79983521,1357724911
lift,-62.94168854,-60.17371368,74.73312378,86.73569489,1357741578
lift,-64.31770325,-61.49297333,70.64189911,81.47531891,1357758245
lift,-65.7494812,-62.77651596,74.18901062,76.9458847,1357774912
lift,-67.20533752,-64.02532959,75.97828674,71.33141327,1357791579
lift,-68.68907166,-65.21675873,78.83595276,67.05387878,1357808246
lift,-70.13705444,-66.39401245,79.63896942,68.61517334,1357824913
lift,-71.46620941,-67.53727722,73.41087341,69.05405426,1357841580
lift,-72.67177582,-68.60481262,66.71281433,67.23114777,1357858247
lift,-73.84881592,-69.70084381,70.80229187,72.57518005,1357874914
lift,-75.01143646,-70.73982239,72.5298233,69.29175568,1357891581
lift,-76.20506287,-71.67456818,69.83735657,59.84199905,1357908248
lift,-77.45812988,-72.62056732,69.46793365,53.8705101,1357924915
lift,-78.67993927,-73.65918732,62.31145477,56.42980957,1357941582
lift,-79.87690735,-74.70581818,58.14046097,57.02422333,1357958249
lift,-81.00267792,-75.78366852,58.53252792,65.05609894,1357974916
lift,-81.9370575,-76.9330368,60.5728302,78.65026093,1357991583
lift,-82.61914063,-77.95859528,70.01770782,72.92288208,1358008250
lift,-83.04450226,-78.78569031,56.54904175,56.80982208,1358024917
lift,-83.39749146,-79.66938019,37.69908905,52.53882599,1358041584
lift,-83.65332031,-80.55196381,31.20759583,47.18594742,1358058251
lift,-83.85803223,-81.41963196,29.2553463,48.86674118,1358074918
lift,-84.07444763,-82.24742126,20.64702225,56.28484726,1358091585
lift,-84.1822052,-83.02698517,23.96137238,59.94338608,1358108252
lift,-84.09402466,-83.7333374,26.61294937,59.00939178,1358124919
lift,-84.0606308,-84.34771729,10.2243948,59.47490311,1358141586
lift,-84.10741425,-84.84611511,1.041741014,60.96002579,1358158253
lift,-84.13505554,-85.08529663,4.281157494,60.69300079,1358174920
lift,-84.15699005,-84.99559021,5.995115757,41.62944031,1358191587
lift,-84.14337921,-84.93136597,11.27859211,-6.091619015,1358208254
lift,-83.96537781,-84.8745575,17.65552711,-13.91778374,1358224921
lift,-84.01048279,-84.81934357,-6.418946743,-3.22493577,1358241588
lift,-84.11230469,-84.83100891,-12.98145103,-1.246956229,1358258255
lift,-84.15672302,-84.88166809,-7.932967663,1.622631192,1358274922
lift,-84.16511536,-84.93392181,-3.385656834,1.468468666,1358291589
lift,-84.12540436,-84.95379639,1.255472779,-0.045706064,1358308256
lift,-84.07014465,-84.93724823,3.951060772,0.152491748,1358324923
lift,-84.04346466,-84.91994476,3.078787088,-5.208906174,1358341590
lift,-84.02440643,-84.92653656,1.545130849,-3.93112731,1358358257
lift,-84.02877045,-84.94231415,-5.011170387,-1.648062706,1358374924
lift,-84.07315826,-84.97040558,-8.662453651,-0.660705924,1358391591
lift,-84.10203552,-85.01257324,-2.346213102,10.05962563,1358408258
lift,-84.10914612,-85.04734039,-0.056104977,9.62979126,1358424925
lift,-84.16255951,-85.061203,-4.929540634,4.584121227,1358441592
lift,-84.24007416,-85.10387421,-9.163477898,-1.660048962,1358458259
lift,-84.2197876,-85.18476868,-5.337339878,-11.41640472,1358474926
lift,-84.12520599,-85.20996857,-3.254286528,-13.67737961,1358491593
lift,-84.00112152,-85.13546753,-1.211183667,-10.67291641,1358508260
lift,-83.9249115,-84.99700165,-2.734039307,-4.74351263,1358524927
lift,-83.88493347,-84.86420441,-5.482913971,-5.541799068,1358541594
lift,-83.8833313,-84.78447723,-8.749213219,-10.3284483,1358558261
lift,-83.94641113,-84.76209259,-13.83726311,-14.73080921,1358574928
lift,-84.03888702,-84.77708435,-16.53559685,-16.46125221,1358591595
lift,-84.1051178,-84.80891418,-16.84552383,-18.20256233,1358608262
lift,-84.11534119,-84.77546692,-16.20979691,-27.41853523,1358624929
lift,-84.10569,-84.67436218,-21.17943192,-29.923172,1358641596
lift,-84.06370544,-84.53718567,-27.39437866,-26.78112984,1358658263
lift,-83.96970367,-84.3112793,-33.35419846,-30.82637978,1358674930
lift,-83.80140686,-83.94379425,-40.31764221,-40.51144409,1358691597
lift,-83.50791931,-83.41709137,-44.13082123,-47.9180069,1358708264
lift,-83.01854706,-82.66976929,-44.9060936,-56.74779129,1358724931
lift,-82.36632538,-81.7766037,-50.14247513,-61.76437759,1358741598
lift,-81.56231689,-80.82530212,-58.58021927,-60.60855103,1358758265
lift,-80.5893631,-79.80336761,-63.60813904,-63.18227768,1358774932
lift,-79.53244019,-78.63272095,-56.400177,-72.69291687,1358791599
lift,-78.32587433,-77.42738342,-63.65415192,-73.55671692,1358808266
lift,-76.9318924,-76.35910034,-76.73160553,-60.43284607,1358824933
lift,-75.55509186,-75.29917145,-65.78448486,-57.68849564,1358841600
lift,-74.26316833,-74.19268799,-65.49628448,-60.43360138,1358858267
lift,-72.99226379,-73.0838623,-75.52336884,-64.80118561,1358874934
lift,-71.79499817,-71.96714783,-67.03400421,-70.04695129,1358891601
lift,-70.70594788,-70.88887787,-55.13670731,-66.20413971,1358908268
lift,-69.55710602,-69.79753876,-61.0640564,-63.0586853,1358924935
lift,-68.37386322,-68.73154449,-68.01007843,-59.97995758,1358941602
lift,-67.19397736,-67.51377106,-65.93234253,-70.64592743,1358958269
lift,-66.00941467,-66.34210968,-62.21463013,-68.1661911,1358974936
lift,-64.92641449,-65.26005554,-58.95220947,-60.21283722,1358991603
lift,-63.96973419,-64.2220459,-57.17255783,-58.83507919,1359008270
lift,-63.04408264,-63.09877014,-57.22966003,-65.45023346,1359024937
lift,-62.13716125,-62.00818634,-52.66720963,-61.25806046,1359041604
lift,-61.31498337,-60.92884064,-44.15818405,-60.06771088,1359058271
lift,-60.52296829,-59.97211456,-44.48173904,-54.4823761,1359074938
lift,-59.75680542,-59.12726212,-48.06578445,-49.14960861,1359091605
lift,-58.92782593,-58.25759888,-58.32551193,-50.39881897,1359108272
lift,-58.14591217,-57.33817673,-55.82671738,-54.29034042,1359124939
lift,-57.50011063,-56.42482758,-43.78641891,-54.56125259,1359141606
lift,-56.83190155,-55.59495544,-41.63291168,-50.58387375,1359158273
lift,-56.10393906,-54.8412323,-39.77421188,-45.66450119,1359174940
lift,-55.35139084,-54.10952377,-38.7190094,-43.8862381,1359191607
lift,-54.5692749,-53.31247711,-40.65736008,-49.02711868,1359208274
lift,-53.77798843,-52.50764847,-40.49059296,-53.93782806,1359224941
lift,-52.88306427,-51.78470993,-49.29257965,-50.40333939,1359241608
lift,-51.88410568,-50.99996185,-60.69845581,-51.0188446,1359258275
lift,-50.91504669,-49.9561348,-63.01555252,-62.68598175,1359274942
lift,-50.01864243,-48.75964355,-62.95042419,-69.47438049,1359291609
lift,-49.05093002,-47.71768951,-68.28462219,-60.32478333,1359308276
lift,-47.99096298,-46.79948807,-69.95507813,-56.13466644,1359324943
lift,-46.95573807,-45.86860275,-65.90155029,-57.98409271,1359341610
lift,-45.94975662,-44.72312164,-64.0525589,-69.31652832,1359358277
lift,-45.10041428,-43.46569061,-52.5025177,-74.30445862,1359374944
lift,-44.23474503,-42.35016632,-53.09835052,-66.94673157,1359391611
lift,-43.2562561,-41.38916779,-60.24201584,-59.00252914,1359408278
lift,-42.29923248,-40.43857574,-59.76482391,-58.55595779,1359424945
lift,-41.39481735,-39.42178726,-56.74852371,-63.25078201,1359441612
lift,-40.53054047,-38.37533569,-53.46173096,-65.36615753,1359458279
lift,-39.69117355,-37.40957642,-50.41399765,-59.75075531,1359474946
lift,-38.85067368,-36.52796936,-49.53754044,-55.01667786,1359491613
lift,-38.11256027,-35.67745209,-43.91509247,-52.81791306,1359508280
lift,-37.34939957,-34.87077332,-44.53606415,-49.83672333,1359524947
lift,-36.46551132,-34.04988861,-48.30127335,-50.15891266,1359541614
lift,-35.53987122,-33.24398041,-47.74534607,-48.2544136,1359558281
lift,-34.76647568,-32.41478348,-39.77674103,-49.47135162,1359574948
lift,-34.10749435,-31.6461277,-34.37743378,-46.5841217,1359591615
lift,-33.4971962,-30.87312126,-29.93405533,-45.37742615,1359608282
lift,-32.80479431,-30.1779995,-34.05408859,-39.11727524,1359624949
lift,-32.20064926,-29.52654266,-29.50170135,-36.79732513,1359641616
lift,-31.66354752,-29.00274658,-26.42809486,-31.00345802,1359658283
lift,-31.25777435,-28.41017342,-19.13768196,-34.43128204,1359674950
lift,-30.89430809,-28.01288033,-18.8057766,-21.53340721,1359691617
lift,-30.56064987,-27.91158485,-16.59186745,-4.816231728,1359708284
lift,-30.46072388,-27.92040062,-0.683872163,2.6539011,1359724951
lift,-30.53944588,-27.9372921,10.41021633,3.789825201,1359741618
lift,-30.74128532,-28.07838058,16.80213547,12.46409798,1359758285
lift,-31.0223465,-28.447752,20.50009155,25.72041321,1359774952
lift,-31.36418724,-28.87945366,18.37470055,27.23346329,1359791619
lift,-31.92461586,-29.38208389,26.07900238,28.8412323,1359808286
lift,-32.55267334,-29.98334503,26.32546234,31.29430199,1359824953
lift,-33.24731827,-30.71873474,29.20933533,37.4050827,1359841620
lift,-34.06435776,-31.53666115,35.80613327,43.17915344,1359858287
lift,-34.99365997,-32.42380142,42.97175598,48.32298279,1359874954
lift,-35.97591782,-33.29627609,49.05360413,48.57353973,1359891621
lift,-36.92724609,-34.21316147,49.57848358,51.65350723,1359908288
lift,-37.88806534,-35.19987488,54.38851166,55.58647156,1359924955
lift,-38.87847519,-36.24931335,60.50079727,60.41012192,1359941622
lift,-39.89090729,-37.270401,65.39523315,59.39228058,1359958289
lift,-40.93401718,-38.21490097,70.06460571,55.24616623,1359974956
lift,-41.98513794,-39.19401169,73.41551208,58.25992966,1359991623
lift,-42.89295197,-40.17618561,68.12572479,59.00701523,1360008290
lift,-43.68267441,-41.18951797,63.2184639,62.33083725,1360024957
lift,-44.43374252,-42.20988464,60.84608459,64.51251221,1360041624
lift,-45.21643448,-43.18571091,59.43535233,63.24753952,1360058291
lift,-46.15196609,-44.13323593,63.76815796,62.42407227,1360074958
lift,-47.24611282,-45.08482361,69.43572998,62.50762939,1360091625
lift,-48.41099548,-46.13941574,71.11741638,67.81123352,1360108292
lift,-49.58469772,-47.2789917,70.84558105,70.68834686,1360124959
lift,-50.78928375,-48.48364639,72.45365143,73.2492218,1360141626
lift,-52.04588318,-49.71121216,72.7206192,73.75140381,1360158293
lift,-53.34339905,-51.24065018,67.27931976,90.78633881,1360174960
lift,-54.8625679,-52.50459671,76.84288788,72.30683136,1360191627
lift,-56.47554779,-53.79146194,81.08590698,83.93441772,1360208294
lift,-57.9465332,-55.00892639,69.04605865,74.03432465,1360224961
lift,-59.39299774,-56.52293777,68.74611664,84.82611847,1360241628
lift,-60.88790512,-58.18881226,73.36808777,95.22767639,1360258295
lift,-62.39923477,-59.85941696,77.03997803,96.94502258,1360274962
lift,-63.94607544,-61.34910202,82.35894012,86.40097046,1360291629
lift,-65.507164,-62.93637085,83.59922791,90.87554169,1360308296
lift,-67.1121521,-64.35478973,85.13563538,81.70082855,1360324963
lift,-68.65778351,-65.7312088,81.14321899,84.09552765,1360341630
lift,-70.06680298,-67.16480255,74.0384903,86.55348969,1360358297
lift,-71.4650116,-68.53115845,72.79845428,77.1545639,1360374964
lift,-72.84229279,-69.81459045,73.95100403,71.83985901,1360391631
lift,-74.14517212,-71.07810974,79.49145508,73.01693726,1360408298
lift,-75.30877686,-72.22266388,71.93667603,65.97001648,1360424965
lift,-76.42964172,-73.32659149,68.18369293,65.75882721,1360441632
lift,-77.55547333,-74.38199615,69.83731842,63.01240158,1360458299
lift,-78.60184479,-75.36601257,63.04382324,55.04554367,1360474966
lift,-79.56964111,-76.24787903,64.02529907,47.0182724,1360491633
lift,-80.43160248,-77.09693909,66.88553619,44.78641129,1360508300
lift,-81.1413269,-77.93440247,59.41290665,45.17476273,1360524967
lift,-81.67707062,-78.83596039,48.04940033,51.54341507,1360541634
lift,-82.10892487,-79.75992584,36.76927948,56.97298813,1360558301
lift,-82.47328949,-80.56323242,29.58226776,49.95651627,1360574968
lift,-82.70822144,-81.30648041,30.12770462,46.0575676,1360591635
lift,-82.84407043,-81.99982452,27.73656082,43.95743561,1360608302
lift,-82.940979,-82.68262482,10.27604675,45.32174683,1360624969
lift,-82.94109344,-83.35860443,-3.77084589,49.48825073,1360641636
lift,-82.83798981,-83.88843536,-6.793782711,42.34271622,1360658303
lift,-82.728508,-84.17967987,-2.844023466,26.34381485,1360674970
lift,-82.68297577,-84.21588898,4.039144039,0.493654966,1360691637
lift,-82.6484375,-84.19738007,14.10433674,-4.171368122,1360708304
lift,-82.65965271,-84.24272156,13.68591976,13.84881306,1360724971
lift,-82.69038391,-84.31545258,15.49098682,20.69210243,1360741638
lift,-82.77740479,-84.42501068,8.28536129,17.90133095,1360758305
lift,-82.96753693,-84.52063751,-4.431491852,13.29576778,1360774972
lift,-83.08446503,-84.62607574,-4.855005264,9.128851891,1360791639
lift,-82.99314117,-84.74573517,6.925261021,7.338343143,1360808306
lift,-82.83404541,-84.82229614,1.813041091,2.757623672,1360824973
lift,-82.72740936,-84.85318756,-6.042218685,2.351661682,1360841640
lift,-82.66409302,-84.83286285,-3.214930773,-1.01101017,1360858307
lift,-82.69924164,-84.76074982,-2.283938408,-3.5561831,1360874974
lift,-82.77680206,-84.65911102,-2.20287466,-6.91587925,1360891641
lift,-82.74797058,-84.61569977,4.473959923,-2.184918404,1360908308
lift,-82.57046509,-84.57704163,16.02941322,-2.314824581,1360924975
lift,-82.39485931,-84.52468109,9.809069633,-0.16699484,1360941642
lift,-82.29956818,-84.50691986,-1.060712337,3.746748447,1360958309
lift,-82.2368927,-84.47057343,-6.114486217,2.00490427,1360974976
lift,-82.27584839,-84.46286011,-10.82958603,-4.721561432,1360991643
lift,-82.34522247,-84.46409607,-10.04553032,-13.84493923,1361008310
lift,-82.35409546,-84.44272614,-5.667732239,-5.760486126,1361024977
lift,-82.30701447,-84.41678619,-6.271977901,-2.780645132,1361041644
lift,-82.21896362,-84.34113312,-8.292029381,-9.779283524,1361058311
lift,-82.19282532,-84.22497559,-11.46000004,-12.99327374,1361074978
lift,-82.24263,-84.09117126,-22.08396912,-21.11255455,1361091645
lift,-82.24147034,-83.87353516,-24.12411308,-31.33260155,1361108312
lift,-82.10114288,-83.64254761,-18.16600418,-24.39212227,1361124979
lift,-81.90087891,-83.3539505,-19.83953094,-18.57364464,1361141646
lift,-81.72288513,-82.98188782,-22.3794899,-23.58256912,1361158313
lift,-81.57315063,-82.56136322,-31.81925964,-32.3887291,1361174980
lift,-81.40529633,-82.00350189,-41.5862236,-47.00706482,1361191647
lift,-81.11022186,-81.3506012,-44.45441818,-54.00877762,1361208314
lift,-80.61745453,-80.57623291,-46.89960098,-56.96912766,1361224981
lift,-79.89672089,-79.69297791,-62.87747192,-58.49916458,1361241648
lift,-78.88446045,-78.56947327,-82.09441376,-73.79290009,1361258315
lift,-77.62184906,-77.25088501,-87.31783295,-85.25743103,1361274982
lift,-76.26810455,-75.9474411,-84.29304504,-81.317276,1361291649
lift,-74.83004761,-74.71430206,-89.23839569,-70.80203247,1361308316
lift,-73.35740662,-73.38412476,-88.28036499,-73.01145172,1361324983
lift,-72.01586151,-72.12895966,-68.93247986,-67.68495941,1361341650
lift,-70.8482132,-71.02776337,-55.54331589,-58.50605392,1361358317
lift,-69.72220612,-70.02424622,-57.73402023,-52.8453331,1361374984
lift,-68.64293671,-68.9928894,-58.79896164,-57.04434586,1361391651
lift,-67.6240387,-67.93663025,-59.14004135,-62.28245926,1361408318
lift,-66.53621674,-66.91523743,-67.75827026,-60.84376144,1361424985
lift,-65.42847443,-65.87213898,-66.80848694,-59.36439896,1361441652
lift,-64.39679718,-64.75894928,-60.39650345,-61.62302017,1361458319
lift,-63.39574051,-63.65141296,-59.00245285,-61.32923126,1361474986
lift,-62.43277359,-62.55836487,-56.76834106,-60.18621445,1361491653
lift,-61.52845383,-61.55246353,-53.57794952,-53.86468887,1361508320
lift,-60.68528748,-60.69356537,-49.19415665,-44.16605759,1361524987
lift,-59.8914299,-59.92075729,-46.25739288,-40.77705765,1361541654
lift,-59.1987648,-59.13098907,-44.21183395,-45.23706818,1361558321
lift,-58.58105087,-58.30555725,-43.24524307,-49.98817062,1361574988
lift,-58.07154465,-57.56760788,-35.57276917,-45.54759979,1361591655
lift,-57.54645538,-56.92496109,-36.16040421,-39.3167038,1361608322
lift,-56.9161644,-56.2145195,-42.40047836,-43.41235733,1361624989
lift,-56.21550369,-55.44443893,-45.40613937,-48.38376999,1361641656
lift,-55.55449677,-54.69883728,-39.32099152,-47.56523895,1361658323
lift,-54.85736465,-54.01186371,-38.50691986,-43.94563293,1361674990
lift,-54.04019165,-53.21203995,-46.84601212,-52.41167831,1361691657
lift,-53.20452499,-52.29192734,-50.23135376,-59.86315155,1361708324
lift,-52.24840927,-51.34937668,-58.72442245,-58.57267761,1361724991
lift,-51.2544632,-50.40777969,-59.92857742,-57.6427002,1361741658
lift,-50.23138809,-49.49462128,-64.54628754,-55.68431473,1361758325
lift,-49.35050964,-48.51587296,-57.8263092,-59.45864868,1361774992
lift,-48.63981247,-47.49961472,-50.2391777,-61.95886612,1361791659
lift,-47.95951843,-46.55466461,-47.98953629,-58.13459015,1361808326
lift,-47.20849991,-45.70450211,-48.64091873,-53.31809235,1361824993
lift,-46.29457092,-44.88582993,-57.80740738,-52.37779617,1361841660
lift,-45.32465744,-43.95297623,-61.22240067,-57.91877365,1361858327
lift,-44.46525955,-42.99095154,-54.00554276,-58.21090317,1361874994
lift,-43.74027252,-42.07213974,-45.65618515,-57.38183975,1361891661
lift,-42.96317673,-41.32142258,-47.85415268,-47.49187851,1361908328
lift,-42.1656456,-40.60546112,-46.32907104,-44.25406265,1361924995
lift,-41.38879395,-39.75332642,-45.34298706,-52.2999382,1361941662
lift,-40.6197052,-38.83158875,-45.77666092,-56.19706726,1361958329
lift,-39.89842987,-37.93411255,-41.42253876,-55.17580795,1361974996
lift,-39.11643219,-37.1186676,-44.29156113,-50.13399506,1361991663
lift,-38.30461121,-36.43241501,-45.15291977,-42.63634109,1362008330
lift,-37.5416832,-35.74464798,-41.46548462,-43.1681633,1362024997
lift,-36.79039764,-34.95576859,-41.38763046,-48.0133667,1362041664
lift,-36.15877533,-34.18644333,-35.46596146,-45.79247284,1362058331
lift,-35.60694122,-33.49373627,-32.3513298,-40.59949112,1362074998
lift,-35.10076523,-32.78544998,-30.34876823,-40.8021965,1362091665
lift,-34.58666611,-32.17782593,-28.0453701,-33.58151245,1362108332
lift,-34.10290146,-31.6524086,-24.73655701,-27.02189064,1362124999
lift,-33.63967896,-31.21572685,-23.81269836,-19.48634338,1362141666
lift,-33.20132446,-30.84787369,-22.22564507,-14.2822876,1362158333
lift,-32.92067337,-30.55083275,-14.56154346,-11.1277914,1362175000
lift,-32.81172562,-30.43425179,-4.074539185,-2.286797047,1362191667
lift,-32.81315994,-30.4186821,2.367264271,3.01625514,1362208334
lift,-32.89417267,-30.48625946,7.081697464,8.566235542,1362225001
lift,-33.0536232,-30.69317055,11.82669258,16.12608337,1362241668
lift,-33.38446808,-31.08004189,19.65250969,22.85803795,1362258335
lift,-33.80615997,-31.52675629,20.55140495,22.95479584,1362275002
lift,-34.38990021,-32.17526245,27.1804142,35.01774597,1362291669
lift,-35.11968231,-32.95134354,33.32606125,42.66686249,1362308336
lift,-36.00673676,-33.79243469,41.39877319,44.56577682,1362325003
lift,-36.90009689,-34.63050079,42.62496567,42.21863556,1362341670
lift,-37.84352493,-35.54961014,47.54631424,49.04250717,1362358337
lift,-38.8408699,-36.50188828,52.81622314,52.61261749,1362375004
lift,-39.93989944,-37.52506638,60.93728256,56.00813293,1362391671
lift,-41.05757141,-38.60368729,62.39188004,58.57649612,1362408338
lift,-42.16546631,-39.69972229,61.5462532,59.86256027,1362425005
lift,-43.25852203,-40.80068207,62.05153275,61.25389481,1362441672
lift,-44.31539536,-41.91802597,60.4732666,64.27128601,1362458339
lift,-45.30145645,-43.01203537,58.11476898,63.5451088,1362475006
lift,-46.23930359,-44.07895279,58.14780426,62.9849472,1362491673
lift,-47.18082809,-45.11359787,61.02135468,62.80860901,1362508340
lift,-48.17821121,-46.11268234,63.47657394,61.96480179,1362525007
lift,-49.2195549,-47.09320831,62.39208603,60.46867752,1362541674
lift,-50.32560349,-48.18122482,65.02899933,66.76992035,1362558341
lift,-51.4422493,-49.32509613,65.7394104,69.01081085,1362575008
lift,-52.50413895,-50.45952606,61.18426895,66.93502045,1362591675
lift,-53.57791519,-51.6162262,61.38930893,66.59726715,1362608342
lift,-54.70264816,-52.80295181,64.88594818,68.08183289,1362625009
lift,-55.76210785,-54.02198029,59.61600876,72.35974884,1362641676
lift,-56.88795471,-55.17289352,62.56266785,69.17800903,1362658343
lift,-58.07824707,-56.3861351,64.16893005,72.43047333,1362675010
lift,-59.33636856,-57.61811066,64.5562439,73.3968811,1362691677
lift,-60.61096954,-58.8216362,66.43650055,71.26364136,1362708344
lift,-61.81267929,-59.97360992,61.1741333,66.39284515,1362725011
lift,-62.99691772,-61.12046814,59.96836472,66.5634613,1362741678
lift,-64.15970612,-62.22154236,59.63905334,64.68634796,1362758345
lift,-65.2878418,-63.26310349,57.32928848,62.26502991,1362775012
lift,-66.45941162,-64.33895111,62.96685791,65.52558136,1362791679
lift,-67.50708008,-65.41287994,55.57333374,65.78884125,1362808346
lift,-68.51092529,-66.44103241,55.63198471,63.06020737,1362825013
lift,-69.47522736,-67.47756958,51.47529984,64.37361908,1362841680
lift,-70.44075012,-68.42417908,48.146595,59.31570053,1362858347
lift,-71.44624329,-69.3757019,48.14289093,59.62369156,1362875014
lift,-72.52154541,-70.28536987,54.92979813,54.48906326,1362891681
lift,-73.61192322,-71.11729431,61.54346848,48.84627533,1362908348
lift,-74.63684845,-71.88558197,61.09192276,44.23577499,1362925015
lift,-75.53158569,-72.64059448,52.58220673,45.67360687,1362941682
lift,-76.35912323,-73.44710541,46.24014282,52.29852295,1362958349
lift,-77.24880981,-74.19981384,55.68684769,48.61584091,1362975016
lift,-78.15493774,-74.86804199,59.9667244,40.99359894,1362991683
lift,-79.05903625,-75.52288055,64.71473694,39.28920364,1363008350
lift,-79.96487427,-76.2518158,73.16805267,44.72380447,1363025017
lift,-80.73706818,-76.94547272,69.43029022,41.33068466,1363041684
lift,-81.3664856,-77.6245575,56.72985458,38.62304306,1363058351
lift,-81.90631866,-78.36100006,39.69923019,40.64952469,1363075018
lift,-82.34383392,-79.17054749,38.13015366,44.75279999,1363091685
lift,-82.64566803,-79.98001099,39.97640991,45.07206345,1363108352
lift,-82.84176636,-80.79794312,32.92998505,46.16347504,1363125019
