Label,Left_Hip_q,Right_Hip_q,Left_Hip_qd,Right_Hip_qd,SampleTimeFine
stairs,1.37706604003911,-9.92306671142581,-4.64248657226918,-2.64120101928711,1598362652
stairs,1.3027862548828,-9.9653259277344,-4.70781326293679,-1.40237808227539,1598379319
stairs,1.22746124267581,-9.98776397705081,-5.09166717529386,2.87580490112571,1598395986
stairs,1.14599456787111,-9.9417510986328,-3.45754623413175,2.24208831786843,1598412653
stairs,1.090673828125,-9.9058776855469,-1.18494033813121,0.0848770141628208,1598429320
stairs,1.0717147827149,-9.9045196533203,-1.5244483947745,-1.36756896972567,1598445987
stairs,1.04732360839851,-9.92640075683591,-0.575542449956501,-1.99794769287465,1598462654
stairs,1.0381149291992,-9.9583679199219,-0.264167785643643,-2.10428237915039,1598479321
stairs,1.03388824462891,-9.99203643798831,-0.93460083007546,-1.16205215453746,1598495988
stairs,1.0189346313477,-10.0106292724609,-1.80101394653676,0.121116638181817,1598512655
stairs,0.990118408203111,-10.00869140625,-2.17485427856268,-0.106334686281961,1598529322
stairs,0.955320739746108,-10.0103927612305,-2.9644966125506,-0.398159027099609,1598545989
stairs,0.907888793945299,-10.0167633056641,-3.78179550170543,0.0410079956063569,1598562656
stairs,0.847380065918012,-10.0161071777344,-3.93915176391957,0.424385070799893,1598579323
stairs,0.784353637695299,-10.0093170166016,-3.5138130187935,0.472068786624647,1598595990
stairs,0.728132629394603,-10.0017639160156,-3.30018997192472,0.769138336181641,1598612657
stairs,0.675329589843807,-9.9894577026367,-2.62928009033114,1.18112564086914,1598629324
stairs,0.633261108398509,-9.9705596923828,-2.09999084473189,-0.155448913575107,1598645991
stairs,0.599661254882799,-9.973046875,-1.4605522155744,0.0815391540500698,1598662658
stairs,0.576292419433608,-9.9717422485352,-1.023769378663,2.20203399658736,1598679325
stairs,0.559912109375,-9.9365097045898,-0.720024108887607,2.44760513305575,1598695992
stairs,0.548391723632799,-9.89734802246091,-0.732898712155539,1.73521041870028,1598712659
stairs,0.53666534423831,-9.8695846557617,-0.618934631350321,0.74005126953125,1598729326
stairs,0.526762390136705,-9.8577438354492,-0.626564025875354,0.773906707762784,1598745993
stairs,0.516737365722699,-9.845361328125,-0.876903533937323,0.429153442381036,1598762660
stairs,0.502706909179702,-9.8384948730469,-1.11675262451261,0.66375732421875,1598779327
stairs,0.4848388671875,-9.8278747558594,-1.00946426391246,0.701904296875,1598795994
stairs,0.468687438964901,-9.8166442871094,-0.887870788575107,0.413417816162109,1598812661
stairs,0.454481506347699,-9.81002960205081,-0.71334838867454,-0.0929832458496094,1598829328
stairs,0.443067932128907,-9.8115173339844,-1.07049942016246,-0.547885894775391,1598845995
stairs,0.425939941406307,-9.82028350830081,-1.23262405395597,-0.865459442136896,1598862662
stairs,0.406217956543012,-9.834130859375,-1.19256973266957,-0.172138214113105,1598879329
stairs,0.387136840820299,-9.83688507080081,-0.364303588861858,0.181674957275391,1598895996
stairs,0.381307983398509,-9.8339782714844,-0.238418579106892,0.251293182374823,1598912663
stairs,0.377493286132799,-9.82995758056641,-0.379562377924358,0.377178192137784,1598929330
stairs,0.371420288086009,-9.8239227294922,-0.432968139650214,-0.0233650207501768,1598945997
stairs,0.364492797851605,-9.8242965698242,1.18732452392489,-0.55170059204368,1598962664
stairs,0.383489990234404,-9.8331237792969,-0.383377075193536,-0.144481658931106,1598979331
stairs,0.377355957031307,-9.8354354858398,-0.683307647705966,-0.482559204106892,1598995998
stairs,0.366423034668012,-9.84315643310551,-0.874042510988104,-0.403881072993606,1599012665
stairs,0.352438354492202,-9.84961853027341,-1.1553764343244,-0.451087951661933,1599029332
stairs,0.333952331543012,-9.8568359375,-1.65033340454457,-0.604152679444248,1599045999
stairs,0.307546997070299,-9.86650238037111,-1.75809860229315,-0.63848495483132,1599062666
stairs,0.279417419433608,-9.87671813964841,-1.90305709838778,-0.618457794193894,1599079333
stairs,0.248968505859404,-9.88661346435551,-2.41470336914329,-0.216484069824219,1599096000
stairs,0.210333251953111,-9.8900772094727,-2.4957656860316,0.459194183349609,1599112667
stairs,0.170401000976605,-9.8827301025391,-2.41565704345614,1.21545791626243,1599129334
stairs,0.131750488281307,-9.86328277587891,-1.57403945923118,2.54583358764382,1599146001
stairs,0.106565856933608,-9.8225494384766,-2.40373611450018,4.84323501586914,1599162668
stairs,0.0681060791016055,-9.7450576782227,-0.848293304443359,9.06848907471236,1599179335
stairs,0.0545333862305117,-9.5999618530273,-1.29175186157582,12.4330520629874,1599196002
stairs,0.0338653564452986,-9.4010330200195,4.30345535278764,19.9270248413059,1599212669
stairs,0.102720642089901,-9.08220062255861,0.67663192748757,36.5223884582502,1599229336
stairs,0.113546752929702,-8.4978424072266,-1.70612335204989,52.2246360778809,1599246003
stairs,0.0862487792969038,-7.66224822998051,1.00326538085671,61.2106323242188,1599262670
stairs,0.102301025390611,-6.68287811279301,-1.25837326049449,44.0411567688006,1599279337
stairs,0.0821670532226992,-5.9782196044922,-1.52540206909357,44.1770553588876,1599296004
stairs,0.0577606201172021,-5.27138671875,0.434398651124823,51.1398315429688,1599312671
stairs,0.0647109985351992,-4.4531494140625,-1.30939483642489,57.4555397033683,1599329338
stairs,0.0437606811524009,-3.53386077880861,-4.14037704468129,61.2645149230939,1599346005
stairs,-0.0224853515624996,-2.55362854003911,-2.71272659301847,45.9189414978063,1599362672
stairs,-0.0658889770507951,-1.8189254760742,-5.11407852172496,34.5363616943377,1599379339
stairs,-0.147714233398395,-1.2663436889648,0.102996826168322,28.0818939208931,1599396006
stairs,-0.146066284179701,-0.817033386230511,1.7132759094256,12.725830078125,1599412673
stairs,-0.118653869628892,-0.613420104980511,-5.94854354858132,-1.33514404296875,1599429340
stairs,-0.213830566406193,-0.634782409668011,-9.271621704106,-2.16817855834961,1599446007
stairs,-0.362176513671889,-0.669473266601605,-28.1257629394505,8.34178924560636,1599462674
stairs,-0.812188720703096,-0.536004638671903,-69.075107574462,2.00891494751243,1599479341
stairs,-1.91739044189449,-0.503861999511704,-112.770080566406,-9.80424880981268,1599496008
stairs,-3.72171173095699,-0.660729980468707,-113.667011260988,-16.2701606750497,1599512675
stairs,-5.5403839111328,-0.921052551269502,-64.8093223571751,-22.0813751220747,1599529342
stairs,-6.5773330688476,-1.2743545532227,50.9428977966317,-31.6543579101563,1599546009
stairs,-5.76224670410149,-1.7808242797852,77.3706436157182,-15.1743888854945,1599562676
stairs,-4.52431640625,-2.02361450195311,151.008605957031,36.5362167358381,1599579343
stairs,-2.1081787109375,-1.4390350341797,190.758228302006,56.6277503967312,1599596010
stairs,0.943952941894603,-0.532991027832002,172.053337097163,33.4696769714311,1599612677
stairs,3.6968063354492,0.00252380371089522,172.5811958313,20.8182334899938,1599629344
stairs,6.45810546875,0.335615539550796,144.071578979494,-9.49859619140625,1599646011
stairs,8.7632507324219,0.183638000488296,85.6080055236816,-34.2249870300311,1599662678
stairs,10.1329788208008,-0.363961791992201,79.3995857238743,-40.9331321716317,1599679345
stairs,11.4033721923828,-1.01889190673831,77.9862403869629,-42.4861907958993,1599696012
stairs,12.6511520385742,-1.6986709594727,113.68227005005,-34.3618392944318,1599712679
stairs,14.470068359375,-2.24846038818361,137.056350708013,-26.2012481689435,1599729346
stairs,16.6629699707032,-2.6676803588867,151.870012283325,-21.3155746459997,1599746013
stairs,19.0928901672364,-3.0087295532227,171.773672103881,-23.2448577880815,1599762680
stairs,21.8412689208985,-3.380647277832,153.800249099731,-16.6425704956064,1599779347
stairs,24.3020729064942,-3.6469284057617,122.807025909419,2.68268585204989,1599796014
stairs,26.2669853210449,-3.60400543212891,111.387968063356,20.3614234924316,1599812681
stairs,28.0491928100586,-3.27822265625,112.311840057375,16.2701606750497,1599829348
stairs,29.8461822509766,-3.0179000854492,137.784957885743,3.95917892456232,1599846015
stairs,32.0507415771485,-2.95455322265621,193.974971771238,-6.6680908203125,1599862682
stairs,35.1543411254883,-3.06124267578121,242.90108680725,-13.9946937561062,1599879349
stairs,39.0407585144043,-3.28515777587891,108.849048614506,-31.2876701354998,1599896016
stairs,40.7823432922364,-3.7857604980469,22.1524238586372,-63.1361007690439,1599912683
stairs,41.1367820739746,-4.7959381103516,6.71339035034402,-84.3815803527814,1599929350
stairs,41.2441963195801,-6.14604339599611,-54.5690059661874,-93.8243865966815,1599946017
stairs,40.3710922241211,-7.64723358154301,-238.810777664181,-79.3828964233372,1599962684
stairs,36.5501197814942,-8.91735992431641,-51.9094467163126,-49.8442649841309,1599979351
stairs,35.7195686340332,-9.7148681640625,-22.634267807006,-10.7340812683132,1599996018
stairs,35.3574203491211,-9.88661346435551,-151.303529739382,-9.59014892578125,1600012685
stairs,32.936563873291,-10.040055847168,-83.7500095367374,-31.0692787170375,1600029352
stairs,31.5965637207032,-10.5371643066406,-93.2517051696813,-19.5522308349618,1600046019
stairs,30.1045364379883,-10.85,-104.473590850831,15.9049034118626,1600062686
stairs,28.432958984375,-10.5955215454102,-170.26925086975,52.2456169128436,1600079353
stairs,25.708650970459,-9.7595916748047,-156.97383880615,121.249198913575,1600096020
stairs,23.1970695495606,-7.8196044921875,-150.0256061554,233.582973480225,1600112687
stairs,20.7966598510742,-4.08227691650391,-229.289770126337,302.539348602294,1600129354
stairs,17.1280235290528,0.758352661132799,-196.698904037481,142.155170440675,1600146021
stairs,13.9808410644531,3.03283538818359,-161.958694458007,155.567646026612,1600162688
stairs,11.389501953125,5.52191772460939,-171.804428100587,146.219730377194,1600179355
stairs,8.64063110351561,7.86143341064449,-148.183345794675,141.350269317631,1600196022
stairs,6.26969757080081,10.1230377197266,-111.127853393557,136.653184890744,1600212689
stairs,4.49165191650391,12.3094886779785,-108.7794303894,160.437345504763,1600229356
stairs,2.75118103027351,14.8764862060547,-110.775947570806,193.294763565063,1600246023
stairs,0.978765869140611,17.9692024230957,-117.396354675288,179.269075393675,1600262690
stairs,-0.899575805663991,20.8375076293945,-81.9892883300817,136.98744773865,1600279357
stairs,-2.2114044189453,23.0293067932129,-42.9711341857875,219.297409057618,1600296024
stairs,-2.8989425659179,26.5380653381348,-52.5712966918999,208.668470382688,1600312691
stairs,-3.74008331298829,29.8767608642578,-79.0224075317374,163.393735885618,1600329358
stairs,-5.00444183349609,32.4910606384277,-56.6644668579066,247.657775878906,1600346025
stairs,-5.9110733032226,36.4535850524902,-40.7819747924814,168.255329132081,1600362692
stairs,-6.5635848999023,39.1456703186035,-37.2142791748056,86.8194103241002,1600379359
stairs,-7.15901336669919,40.5347808837891,-23.13232421875,65.0074481964062,1600396026
stairs,-7.52913055419919,41.5749000549316,-2.13146209716886,90.7018184661874,1600412693
stairs,-7.56323394775389,43.0261291503906,15.7470703125,11.8184089660689,1600429360
stairs,-7.31128082275389,43.2152236938477,29.9243927001935,-33.0965518951438,1600446027
stairs,-6.8324905395508,42.6856788635254,34.221172332769,-102.781772613525,1600462694
stairs,-6.28495178222649,41.041170501709,45.961380004881,-98.4025001525874,1600479361
stairs,-5.5495697021484,39.4667304992676,54.5878410339373,-221.76694869995,1600496028
stairs,-4.6761642456054,35.9184593200684,70.0163841247505,151.04031562805,1600512695
stairs,-3.55590209960939,38.3351043701172,68.4223175048872,-353.493213653563,1600529362
stairs,-2.46114501953119,32.6792129516602,84.2928886413565,-91.7532444000249,1600546029
stairs,-1.11245880126949,31.2111610412598,57.734489440918,92.9050445556627,1600562696
stairs,-0.188706970214801,32.6976417541504,-11.5880966186559,-130.707263946531,1600579363
stairs,-0.374116516113295,30.6063255310059,-69.4184303283691,-96.7729091644314,1600596030
stairs,-1.4848114013672,29.057958984375,78.7353515625,-40.8143997192374,1600612697
stairs,-0.225045776367201,28.4049285888672,-19.867897033687,-133.638858795169,1600629364
stairs,-0.542932128906193,26.2667068481445,-44.1260337829625,-43.8969135284375,1600646031
stairs,-1.24894866943359,25.5643562316895,-86.5983963012686,-113.878726959231,1600662698
stairs,-2.63452301025389,23.7422966003418,-86.6551399230939,-105.427026748656,1600679365
stairs,-4.0210052490234,22.0554641723633,-82.5605392456063,-92.692136764525,1600696032
stairs,-5.3419738769531,20.5723899841309,-15.4027938842747,-103.017807006838,1600712699
stairs,-5.58841857910149,18.9241050720215,81.7155838012686,-105.035543441775,1600729366
stairs,-4.28096923828119,17.2435363769531,133.204460144044,-88.9768600463875,1600746033
stairs,-2.14969787597649,15.8199066162109,166.7799949646,-84.8677158355686,1600762700
stairs,0.518782043457103,14.4620231628418,211.811542510981,-79.1838169097878,1600779367
stairs,3.9077667236328,13.1950820922852,227.879524230957,-62.1848106384308,1600796034
stairs,7.55383911132811,12.2001251220703,248.998641967774,-52.1457195282,1600812701
stairs,11.5378173828125,11.3657936096191,246.901273727419,-58.5043430328316,1600829368
stairs,15.4882377624512,10.4297241210938,232.315301895143,-72.9970932006871,1600846035
stairs,19.2052825927735,9.2617706298828,243.032932281494,-57.4531555175755,1600862702
stairs,23.0938095092774,8.34252014160159,402.716875076293,-30.0693511962935,1600879369
stairs,29.5372795104981,7.8614105224609,426.202297210694,-63.159465789794,1600896036
stairs,36.3565162658692,6.85085906982419,280.379295349119,-84.9184989929181,1600912703
stairs,40.8425849914551,5.4921630859375,167.289257049562,-96.2634086608878,1600929370
stairs,43.5192131042481,3.9519485473633,46.3023185729936,-77.7835845947248,1600946037
stairs,44.260050201416,2.7074111938477,-46.6229915618874,-70.6110000610378,1600962704
stairs,43.5140823364258,1.57763519287109,-194.738388061525,-62.5872611999503,1600979371
stairs,40.3982681274414,0.57623901367189,-47.1348762512189,-35.6135368347186,1600996038
stairs,39.6441101074219,0.00642242431639239,-402.756929397581,-72.69287109375,1601012705
stairs,33.1999992370606,-1.15666351318361,10.6484889984126,-64.8808479309064,1601029372
stairs,33.3703750610352,-2.19475708007811,-125.4415512085,-46.3857650756871,1601046039
stairs,31.3633102416992,-2.93692932128911,-189.369916915894,-28.6498069763184,1601062706
stairs,28.3333915710449,-3.3953262329102,-106.4236164093,36.0074043273935,1601079373
stairs,26.6306137084961,-2.8192077636719,-181.176900863644,219.649314880375,1601096040
stairs,23.7317832946778,0.695181274414091,-149.87444877625,281.521797180175,1601112707
stairs,21.3337921142578,5.19953002929689,-190.339326858519,157.561779022213,1601129374
stairs,18.2883628845215,7.7205184936523,-175.834655761719,84.2113494873056,1601146041
stairs,15.475008392334,9.06790008544919,-208.537340164181,111.163616180419,1601162708
stairs,12.1384109497071,10.8465179443359,-145.757198333744,123.383760452275,1601179375
stairs,9.8062957763672,12.8206581115723,-127.8862953186,110.893726348875,1601196042
stairs,7.7601150512696,14.5949577331543,-130.358219146731,145.933389663694,1601212709
stairs,5.6743835449219,16.9298919677734,-94.3193435668936,134.584188461306,1601229376
stairs,4.1652740478516,19.0832389831543,-78.0754089355504,124.238967895506,1601246043
stairs,2.9160675048828,21.0710624694824,-75.3326416015625,125.700712203981,1601262710
stairs,1.7107452392578,23.0822738647461,-84.5150947570747,148.615598678588,1601279377
stairs,0.358503723144603,25.4601234436035,-77.20947265625,188.521146774294,1601296044
stairs,-0.876847839355397,28.4764617919922,-86.071491241456,183.598518371581,1601312711
stairs,-2.25399169921869,31.4140380859375,-97.3119735717818,151.051998138431,1601329378
stairs,-3.8109832763672,33.8308700561524,-88.7069702148437,186.342716217037,1601346045
stairs,-5.2302947998047,36.812353515625,-74.0046501159623,206.319093704225,1601362712
stairs,-6.4143692016601,40.1134590148926,-62.8943443298375,150.658607482907,1601379379
stairs,-7.4206787109375,42.5239967346191,-34.1963768005371,103.255271911625,1601396046
stairs,-7.96782073974609,44.1760810852051,-13.110637664794,58.357954025269,1601412713
stairs,-8.1775909423828,45.1098083496094,6.86836242675604,19.5440053939815,1601429380
stairs,-8.0676971435547,45.4225124359131,27.8668403625506,18.2083845138559,1601446047
stairs,-7.62182769775389,45.7138465881348,41.4538383483869,-164.035320281981,1601462714
stairs,-6.9585662841797,43.0892814636231,53.6336898803755,63.1144046783434,1601479381
stairs,-6.10042724609369,44.0991119384766,50.0683784484872,-253.962993621825,1601496048
stairs,-5.2993331909179,40.0357040405274,52.2327423095685,-294.323205947881,1601512715
stairs,-4.4636093139648,35.3265327453613,66.9360160827628,155.118703842163,1601529382
stairs,-3.3926330566406,37.8084320068359,15.3255462646502,-179.113864898681,1601546049
stairs,-3.14742431640619,34.942610168457,-23.6783027648935,-50.8315563201878,1601562716
stairs,-3.52627716064449,34.129305267334,-16.019821166994,-102.572202682493,1601579383
stairs,-3.78259429931639,32.4881500244141,32.7520370483434,-115.652799606325,1601596050
stairs,-3.2585617065429,30.6377052307129,-3.96442413330611,-105.449438095094,1601612717
stairs,-3.32199249267579,28.9505142211914,-23.7073898315376,-58.584928512575,1601629384
stairs,-3.7013107299804,28.0131553649902,-64.3897056579625,-120.491743087769,1601646051
stairs,-4.7315460205078,26.0852874755859,-57.2309494018564,-98.1371402740439,1601662718
stairs,-5.6472412109375,24.5150932312012,-56.5004348754874,-102.887868881225,1601679385
stairs,-6.5512481689453,22.8688873291016,-22.5348472595188,-111.870765686038,1601696052
stairs,-6.9118057250976,21.078955078125,39.2556190490687,-108.680009841919,1601712719
stairs,-6.2837158203125,19.3400749206543,116.302967071538,-102.182626724244,1601729386
stairs,-4.4228683471679,17.7051528930664,153.814315795894,-94.1751003265372,1601746053
stairs,-1.96183929443359,16.1983512878418,175.701618194581,-83.8611125946062,1601762720
stairs,0.849386596679702,14.8565734863281,202.055931091307,-86.8039131164502,1601779387
stairs,4.08228149414061,13.4677108764649,214.878082275393,-75.8910179138188,1601796054
stairs,7.5203308105469,12.2534545898438,214.443683624268,-59.4971179962185,1601812721
stairs,10.9514297485352,11.3015007019043,219.507694244381,-62.41726875305,1601829388
stairs,14.4635528564453,10.3028244018555,195.359230041506,-65.6957626342818,1601846055
stairs,17.5893005371094,9.25169219970699,180.362224578857,-68.4714317321742,1601862722
stairs,20.4750961303711,8.1561492919922,198.851346969606,-67.7919387817383,1601879389
stairs,23.6567176818848,7.07147827148439,209.803819656369,-78.5703659057617,1601896056
stairs,27.0135787963867,5.8143524169922,332.336187362675,-80.3790092468253,1601912723
stairs,32.3309577941895,4.528288269043,314.109802246094,-89.4298553466815,1601929390
stairs,37.356714630127,3.09741058349609,108.6745262146,-95.0379371643057,1601946057
stairs,39.0955070495606,1.5768035888672,46.2806224823003,-113.194942474369,1601962724
stairs,39.8359970092774,-0.234315490722698,-88.2239341735875,-102.401256561276,1601979391
stairs,38.4244140625,-1.87273559570311,-417.943239212037,-74.3093490600621,1601996058
stairs,31.7373222351074,-3.06168518066411,-156.447172164913,-37.445068359375,1602012725
stairs,29.2341674804688,-3.66080627441411,71.4278221130375,-25.6729125976563,1602029392
stairs,30.3770126342774,-4.0715728759766,-199.616193771363,-12.9165649414062,1602046059
stairs,27.1831535339356,-4.2782379150391,-137.656927108769,3.0584335327184,1602062726
stairs,24.9806427001953,-4.22930297851561,-85.4277610778813,55.2010536193812,1602079393
stairs,23.6137985229492,-3.34608612060551,-195.677995681763,128.296852111819,1602096060
stairs,20.482950592041,-1.29333648681641,-166.818380355831,185.073852539062,1602112727
stairs,17.8138565063477,1.66784515380859,-213.592529296875,177.422523498538,1602129394
stairs,14.3963760375977,4.5066055297852,-158.12158584595,165.51876068115,1602146061
stairs,11.8664306640625,7.15490570068359,-172.491073608399,122.800350189206,1602162728
stairs,9.10657348632811,9.1197113037109,-187.747955322263,125.837087631231,1602179395
stairs,6.1026062011719,11.1331047058106,-121.665954589844,124.2184638977,1602196062
stairs,4.1559509277344,13.1206001281738,-102.32973098755,134.434700012207,1602212729
stairs,2.51867523193361,15.2715553283691,-109.658718109132,127.945423126225,1602229396
stairs,0.7641357421875,17.3186820983887,-92.2718048095685,137.544393539425,1602246063
stairs,-0.712213134765596,19.5193923950195,-80.0442695617685,124.945402145388,1602262730
stairs,-1.99292144775389,21.5185188293457,-84.9852561950692,98.4144210815438,1602279397
stairs,-3.352685546875,23.0931495666504,-85.7195854186994,92.5679206848122,1602296064
stairs,-4.72419891357419,24.5742362976074,-73.3418464660627,108.7703704834,1602312731
stairs,-5.89766845703119,26.3145622253418,-85.1535797119185,136.967182159425,1602329398
stairs,-7.26012573242189,28.5060371398926,-78.7887573242187,170.594453811644,1602346065
stairs,-8.52074584960939,31.2355484008789,-57.2810173034632,196.708440780638,1602362732
stairs,-9.4372421264648,34.3828834533691,-53.5483360290563,177.623033523562,1602379399
stairs,-10.2940155029297,37.2248519897461,-6.36816024779918,205.980062484744,1602396066
stairs,-10.3959060668945,40.520532989502,10.7111930847186,131.376981735225,1602412733
stairs,-10.224526977539,42.6225646972656,46.589374542231,72.8470087051436,1602429400
stairs,-9.4790969848633,43.7881168365479,37.4422073364311,-18.0537700653125,1602446067
stairs,-8.8800216674804,43.4992565155029,45.1974868774379,5.91754913330655,1602462734
stairs,-8.15686187744139,43.5939373016358,64.8365020751935,-191.196084022525,1602479401
stairs,-7.1194778442383,40.5347999572754,76.080322265625,114.110708236693,1602496068
stairs,-5.9021926879883,42.3605712890625,74.8319625854501,-261.541604995725,1602512735
stairs,-4.70488128662109,38.1759056091309,59.6771240234375,-301.038742065431,1602529402
stairs,-3.75004730224609,33.359285736084,79.4000625610378,154.193401336669,1602546069
stairs,-2.47964630126949,35.8263801574707,20.6751823425311,-142.998456954957,1602562736
stairs,-2.14884338378899,33.5384048461914,-22.2558975219753,-105.421304702756,1602579403
stairs,-2.5049377441406,31.8516639709473,-43.2629585266122,-109.611272811894,1602596070
stairs,-3.19714508056639,30.097883605957,-72.5407600402814,-94.1827297210689,1602612737
stairs,-4.3577972412109,28.5909599304199,-20.4620361328125,-97.6145267486563,1602629404
stairs,-4.6851898193359,27.0291275024414,17.6587104797372,-93.7063694000249,1602646071
stairs,-4.4026504516601,25.529825592041,10.3750228881818,-106.978893280025,1602662738
stairs,-4.23665008544919,23.8181632995606,-42.1824455261257,-102.870941162113,1602679405
stairs,-4.9115692138672,22.1722282409668,-105.427265167231,-96.903085708619,1602696072
stairs,-6.5984054565429,20.6217788696289,-122.806549072268,-106.726169586181,1602712739
stairs,-8.56331024169919,18.91416015625,-56.2205314636257,-105.109453201294,1602729406
stairs,-9.4628387451172,17.2324089050293,153.690814971926,-89.0879631042501,1602746073
stairs,-7.00378570556639,15.8070014953613,206.658363342287,-80.5077552795375,1602762740
stairs,-3.6972518920898,14.5188774108887,218.670845031738,-70.376634597781,1602779407
stairs,-0.198518371581988,13.3928512573242,235.242366790768,-71.4352130889875,1602796074
stairs,3.5653594970703,12.2498878479004,244.925975799563,-71.097135543825,1602812741
stairs,7.48417510986331,11.1123336791992,238.555431365969,-50.6815910339315,1602829408
stairs,11.3010620117188,10.3014282226563,241.642951965331,-45.4826354980495,1602846075
stairs,15.1673492431641,9.5737060546875,233.050346374512,-32.5860977172878,1602862742
stairs,18.8961547851563,9.0523284912109,210.127353668212,-37.1928215026811,1602879409
stairs,22.2581924438477,8.457243347168,182.865142822262,-59.350967407231,1602896076
stairs,25.1840347290039,7.5076278686523,155.55238723755,-74.8825073242187,1602912743
stairs,27.6728729248047,6.3095077514648,121.010065078738,-97.7244377136195,1602929410
stairs,29.6090339660645,4.74591674804689,112.662553787231,-96.6200828552246,1602946077
stairs,31.4116348266602,3.1999954223633,125.235319137575,-99.4272232055691,1602962744
stairs,33.4153999328614,1.60915985107419,48.2192039489688,-86.671829223631,1602979411
stairs,34.1869071960449,0.222410583496094,70.8808898925812,-88.5319709777814,1602996078
stairs,35.3210014343262,-1.19410095214841,-13.7577056884752,-87.032318115237,1603012745
stairs,35.1008781433106,-2.5866180419922,-722.433328628544,-79.0176391601562,1603029412
stairs,23.5419448852539,-3.8509002685547,156.200647354125,-38.1174087524379,1603046079
stairs,26.0411552429199,-4.46077880859371,-18.5637474060001,-15.7012939453125,1603062746
stairs,25.7441352844239,-4.71199951171871,-409.563779830938,-5.33914566040572,1603079413
stairs,19.1911148071289,-4.7974258422852,-117.712736129756,30.286312103275,1603096080
stairs,17.3077110290528,-4.3128448486328,-47.1508502960249,64.0187263488743,1603112747
stairs,16.5532974243164,-3.28854522705081,-117.721080780025,109.850406646731,1603129414
stairs,14.669760131836,-1.53093872070311,-124.339580535894,143.653392791744,1603146081
stairs,12.6803268432617,0.767515563964801,-264.928340911863,168.15185546875,1603162748
stairs,8.4414733886719,3.4579452514648,-205.034255981443,143.314838409425,1603179415
stairs,5.16092529296881,5.7509826660156,-100.502967834475,138.599872589112,1603196082
stairs,3.5528778076172,7.96858062744139,-99.6665954589808,126.381397247313,1603212749
stairs,1.95821228027351,9.9906829833984,-99.5235443115252,108.200788497925,1603229416
stairs,0.365835571289105,11.7218955993652,-93.7094688415563,136.668205261231,1603246083
stairs,-1.1335159301758,13.9085868835449,-89.9405479431126,120.64027786255,1603262750
stairs,-2.5725646972656,15.8388313293457,-51.7416000366184,113.543272018431,1603279417
stairs,-3.40043029785149,17.6555236816406,-32.4435234069878,72.7744102478063,1603296084
stairs,-3.91952667236329,18.8199142456055,-64.088821411131,76.6365528106685,1603312751
stairs,-4.94494781494139,20.0460990905762,-42.0007705688441,127.642393112181,1603329418
stairs,-5.6169601440429,22.0883773803711,-41.0842895507813,135.96749305725,1603346085
stairs,-6.2743087768554,24.2638572692871,-52.5488853454625,128.645420074462,1603362752
stairs,-7.1150909423828,26.3221839904785,-54.4672012329119,130.974769592287,1603379419
stairs,-7.98656616210939,28.4177803039551,-53.2860755920375,156.378507614138,1603396086
stairs,-8.83914337158199,30.9198364257813,-30.2238464355504,137.074708938594,1603412753
stairs,-9.3227249145508,33.1130317687988,6.32333755493164,153.559684753419,1603429420
stairs,-9.22155151367189,35.5699867248535,29.0760993957555,182.89041519165,1603446087
stairs,-8.7563339233398,38.4962333679199,50.5137443542445,91.0718441009561,1603462754
stairs,-7.94811401367189,39.9533828735352,65.8178329467809,37.572860717769,1603479421
stairs,-6.8950286865234,40.5545486450195,65.8941268920872,33.9405536651625,1603496088
stairs,-5.84072265625,41.0975975036621,59.7558021545437,35.9418392181436,1603512755
stairs,-4.8846298217773,41.6726669311524,65.3119087219256,-40.5108928680438,1603529422
stairs,-3.83963928222649,41.0244926452637,31.739234924312,-132.553339004519,1603546089
stairs,-3.3318115234375,38.9036392211914,32.2794914245632,-273.189306259156,1603562756
stairs,-2.81533966064449,34.5326103210449,47.670364379881,32.0575237274188,1603579423
stairs,-2.05261383056639,35.0455307006836,36.8404388427752,-138.025760650637,1603596090
stairs,-1.46316680908199,32.8371185302734,37.2972488403311,-11.8138790130562,1603612757
stairs,-0.86641082763669,32.6480964660645,-6.8206787109375,-99.956512451175,1603629424
stairs,-0.97554168701169,31.0487922668457,0.213146209718573,-146.816492080688,1603646091
stairs,-0.972131347656193,28.6997283935547,-14.4205093383816,-40.5735969543439,1603662758
stairs,-1.2028594970703,28.0505508422852,-51.0110855102557,-115.557670593262,1603679425
stairs,-2.01903686523439,26.201628112793,-16.6311264038068,-84.6478939056441,1603696092
stairs,-2.2851348876953,24.8472618103027,-74.1615295410121,-83.4023952484122,1603712759
stairs,-3.47171936035149,23.5128234863281,-96.9948768615749,-117.580175399781,1603729426
stairs,-5.02363739013669,21.6315406799316,-106.731891632082,-116.745233535763,1603746093
stairs,-6.73134765625,19.7636169433594,-104.929924011231,-100.923538208007,1603762760
stairs,-8.4102264404297,18.1488403320313,-30.336380004881,-112.266778945925,1603779427
stairs,-8.8956085205078,16.3525718688965,101.930141448976,-104.598045349118,1603796094
stairs,-7.26472625732419,14.6790031433106,149.165153503419,-88.7005329132124,1603812761
stairs,-4.87808380126949,13.2597946166992,178.615570068356,-81.0978412628187,1603829428
stairs,-2.02023468017579,11.9622291564941,189.390659332275,-78.4361362457249,1603846095
stairs,1.01001586914061,10.7072509765625,193.083286285406,-87.7575874328631,1603862762
stairs,4.0993484497071,9.30312957763669,196.386814117432,-86.2283706664995,1603879429
stairs,7.24153747558601,7.9234756469727,202.236652374262,-81.4156532287624,1603896096
stairs,10.4773239135742,6.6208251953125,193.881034851075,-76.2953758239755,1603912763
stairs,13.5794204711914,5.40009918212889,169.253587722781,-80.1753997802752,1603929430
stairs,16.2874778747559,4.11729278564449,151.434659957888,-89.997291564937,1603946097
stairs,18.7104324340821,2.6773361206055,178.601503372187,-95.8247184753436,1603962764
stairs,21.5680564880371,1.144140625,208.462953567506,-88.7680053710937,1603979431
stairs,24.9034637451172,-0.2761474609375,264.398813247682,-89.5085334777814,1603996098
stairs,29.1338447570801,-1.708283996582,395.719766616819,-112.146377563481,1604012765
stairs,35.4653610229492,-3.5026260375977,108.865976333619,-118.628501892088,1604029432
stairs,37.2072166442871,-5.40068206787111,-42.7973270416246,-99.0371704101562,1604046099
stairs,36.5224594116211,-6.98527679443361,10.8609199523935,-79.6027183532688,1604062766
stairs,36.6962341308594,-8.25892028808591,-360.334157943725,-46.6327667236373,1604079433
stairs,30.9308876037598,-9.0050445556641,-161.211490631106,-15.1224136352503,1604096100
stairs,28.3515037536621,-9.24700317382811,151.592254638675,4.52280044555664,1604112767
stairs,30.7769798278809,-9.1746383666992,-196.503400802612,11.4660263061497,1604129434
stairs,27.6329254150391,-8.99118194580081,-35.808563232425,53.8592338562003,1604146101
stairs,27.0599884033203,-8.1294342041016,-117.575407028194,54.150104522706,1604162768
stairs,25.1787818908692,-7.26303253173831,-172.825574874881,85.1664543151882,1604179435
stairs,22.4135726928711,-5.9003692626953,-54.7201633453378,132.567882537844,1604196102
stairs,21.5380500793457,-3.7792831420898,-187.435388565063,152.918815612788,1604212769
stairs,18.5390838623047,-1.3325820922852,-127.66218185425,172.821521759037,1604229436
stairs,16.4964889526367,1.43256225585939,-164.071083068844,180.764675140382,1604246103
stairs,13.8713516235352,4.3247970581055,-155.044555664062,124.48263168335,1604262770
stairs,11.3906387329102,6.31651916503909,-118.689060211181,111.898422241207,1604279437
stairs,9.49161376953131,8.1068939208984,-134.658336639406,133.577823638919,1604296104
stairs,7.33708038330081,10.2441390991211,-155.114650726319,146.129369735719,1604312771
stairs,4.8552459716797,12.5822090148926,-139.5320892334,154.673099517819,1604329438
stairs,2.6227325439453,15.0569786071777,-118.351936340331,140.14530181885,1604346105
stairs,0.7291015625,17.2993034362793,-85.8058929443368,106.613874435425,1604362772
stairs,-0.643792724609389,19.0051254272461,-73.1887817382812,72.7238655090314,1604379439
stairs,-1.81481323242189,20.1687072753906,-71.9084739685005,140.9912109375,1604396106
stairs,-2.9653488159179,22.4245666503906,-66.2574768066433,143.372297286987,1604412773
stairs,-4.02546844482419,24.7185234069824,-57.2991371154812,161.564588546757,1604429440
stairs,-4.94225463867189,27.3035568237305,-50.1279830932564,190.37437438965,1604446107
stairs,-5.74430236816399,30.3495468139649,-49.6129989624068,165.1291847229,1604462774
stairs,-6.5381103515625,32.9916137695313,-47.4829673767063,154.804706573481,1604479441
stairs,-7.2978378295898,35.468489074707,-40.4844284057617,155.195236206056,1604496108
stairs,-7.94558868408199,37.9516128540039,-29.407024383544,140.947580337525,1604512775
stairs,-8.41610107421869,40.2067741394043,-41.8176651001003,105.576753616331,1604529442
stairs,-9.0851837158203,41.8960021972656,-33.4534645080558,85.0650072097814,1604546109
stairs,-9.62043914794919,43.2570423126221,-5.04398345947532,49.8193502426121,1604562776
stairs,-9.7011428833008,44.0541519165039,22.5396156311062,28.8496017456064,1604579443
stairs,-9.3405090332031,44.5157455444336,61.0799789428684,33.5179567337063,1604596110
stairs,-8.3632293701172,45.0520328521729,72.3161697387695,30.6600332260123,1604612777
stairs,-7.20617065429689,45.5425933837891,52.9336929321307,14.5009756088252,1604629444
stairs,-6.3592315673828,45.7746089935303,33.7843894958505,-36.2486839294438,1604646111
stairs,-5.81868133544919,45.1946300506592,41.5067672729501,-94.75910663605,1604662778
stairs,-5.15457305908199,43.6784843444824,21.4095115661621,41.9218540191686,1604679445
stairs,-4.8120208740234,44.3492340087891,36.1280441284189,49.1753816604627,1604696112
stairs,-4.23397216796869,45.1360401153565,35.9745025634748,-116.0386800766,1604712779
stairs,-3.6583801269531,43.2794212341309,-15.3474807739249,19.5983648300122,1604729446
stairs,-3.90393981933589,43.5929950714111,-42.5634384155309,-286.261200904844,1604746113
stairs,-4.58495483398439,39.0128158569336,26.0224342346245,-90.5637741088876,1604762780
stairs,-4.1685958862304,37.5637954711914,44.8899269104004,52.1652698516877,1604779447
stairs,-3.45035705566399,38.3984397888184,2.01892852783114,-169.721364974975,1604796114
stairs,-3.41805419921869,35.6828979492188,9.04560089111239,50.2772331237753,1604812781
stairs,-3.27332458496089,36.4873336791992,-10.1847648620623,30.1191806793248,1604829448
stairs,-3.43628082275389,36.9692405700684,-13.9675140380877,-42.7899360656752,1604846115
stairs,-3.65976104736329,36.2846015930176,-119.208335876462,-34.5253944396999,1604862782
stairs,-5.56709442138669,35.7321952819824,-120.426177978513,-59.3764781951873,1604879449
stairs,-7.4939132690429,34.7821716308594,-86.147308349612,-53.6546707153311,1604896116
stairs,-8.87227020263669,33.9236968994141,14.5392417907688,-40.4896736145064,1604912783
stairs,-8.63964233398439,33.275862121582,72.4325180053746,-61.745405197144,1604929450
stairs,-7.4807220458984,32.2879356384277,105.992794036863,-77.9170989990185,1604946117
stairs,-5.78483734130859,31.0412620544434,208.291530609131,-90.8689498901376,1604962784
stairs,-2.4521728515625,29.5873588562012,192.956447601319,-85.5762958526625,1604979451
stairs,0.635130310058608,28.2181381225586,157.101154327393,-78.0196189880375,1604996118
stairs,3.1487487792969,26.96982421875,97.6557731628436,-80.2433490753187,1605012785
stairs,4.7112411499024,25.6859306335449,87.6483917236319,-90.1408195495561,1605029452
stairs,6.11361541748051,24.243677520752,115.180492401125,-97.0177650451687,1605046119
stairs,7.95650329589851,22.6913932800293,135.874748229975,-94.3753719329812,1605062786
stairs,10.1304992675781,21.1813873291016,128.180980682375,-76.0309696197501,1605079453
stairs,12.1813949584961,19.9648918151856,105.03578186035,-80.6632041931188,1605096120
stairs,13.8619674682617,18.6742805480957,72.2892284393311,-75.1457214355438,1605112787
stairs,15.018595123291,17.471949005127,47.303676605225,-76.3175487518315,1605129454
stairs,15.7754539489746,16.2508682250977,15.4793262481688,-70.8580017089874,1605146121
stairs,16.0231231689453,15.1171401977539,-27.3015499114936,-67.6548480987562,1605162788
stairs,15.5862983703614,14.0346626281738,-65.5858516693129,-64.0492439269997,1605179455
stairs,14.5369247436524,13.0098747253418,36.0870361328129,-64.7130012512189,1605196122
stairs,15.1143173217774,11.9744667053223,113.738536834712,-65.8493041992187,1605212789
stairs,16.9341339111328,10.9208778381348,-29.0894508361812,-60.2157115936315,1605229456
stairs,16.4687026977539,9.95742645263669,-143.326282501219,-63.3893013000497,1605246123
stairs,14.1754821777344,8.9431976318359,-237.463474273681,-70.1003074645996,1605262790
stairs,10.3760665893555,7.8215927124023,-154.797077178957,-75.1810073852504,1605279457
stairs,7.8993133544922,6.6186965942383,-32.0386886596689,-86.1310958862313,1605296124
stairs,7.3866943359375,5.24059906005859,-49.5400428771937,-87.9120826721182,1605312791
stairs,6.5940536499024,3.8340057373047,-76.7035484314,-74.1233825683629,1605329458
stairs,5.366796875,2.64803161621089,-71.136474609375,-56.9844245910627,1605346125
stairs,4.22861328125,1.73628082275389,-12.4092102050746,-33.339023590087,1605362792
stairs,4.03006591796881,1.2028564453125,-27.4896621704128,0.12445449829368,1605379459
stairs,3.5902313232422,1.2048477172852,-9.8071098327619,-8.7127685546875,1605396126
stairs,3.43331756591801,1.0654434204102,-4.90665435791282,11.5790367126438,1605412793
stairs,3.35481109619141,1.2507080078125,-32.5102806091317,31.9557189941433,1605429460
stairs,2.8346466064453,1.76199951171879,-38.8536453247061,24.5766639709437,1605446127
stairs,2.21298828125,2.15522613525389,-39.5226478576625,42.5291061401376,1605462794
stairs,1.5806259155274,2.83569183349609,-37.1484756469744,53.3967018127441,1605479461
stairs,0.98625030517581,3.6900390625,-25.4168510437003,46.0791587829563,1605496128
stairs,0.579580688476605,4.4273056030273,-14.1153335571316,60.9812736511248,1605512795
stairs,0.3537353515625,5.4030059814453,-28.3041000366184,112.088680267337,1605529462
stairs,-0.0991302490233945,7.1964248657227,-33.8478088378942,61.9916915893501,1605546129
stairs,-0.640695190429701,8.1882919311523,-31.1636924743617,38.8121604919434,1605562796
stairs,-1.13931427001949,8.8092864990234,-24.6834754943883,60.772418975831,1605579463
stairs,-1.5342498779297,9.78164520263669,-14.2493247985804,68.9105987548819,1605596130
stairs,-1.76223907470699,10.8842147827148,-2.03418731689453,56.495666503912,1605612797
stairs,-1.7947860717773,11.7881454467774,-4.67538833618075,1.24359130859375,1605629464
stairs,-1.86959228515619,11.8080429077149,-14.9321556091317,-9.34314727783736,1605646131
stairs,-2.1085067749023,11.6585525512695,-21.1081504821813,-12.6111507415749,1605662798
stairs,-2.4462371826172,11.4567741394043,-12.4783515930123,-10.1730823516815,1605679465
stairs,-2.6458908081054,11.2940048217774,-5.57470321655629,-20.9453105926562,1605696132
stairs,-2.7350860595703,10.9588798522949,7.95602798461914,-25.7141590118373,1605712799
stairs,-2.60778961181639,10.5474533081055,7.44009017944336,-32.0048332214373,1605729466
stairs,-2.4887481689453,10.0353759765625,6.32333755493164,-39.36767578125,1605746133
stairs,-2.38757476806639,9.4054931640625,7.5669288635245,-53.9703369140625,1605762800
stairs,-2.26650390625,8.5419677734375,11.5318298339879,-64.3372535705566,1605779467
stairs,-2.08199462890619,7.51257171630859,11.4927291870126,-73.7929344177246,1605796134
stairs,-1.89811096191399,6.331884765625,2.89106369018111,-70.163726806638,1605812801
stairs,-1.85185394287109,5.20926513671879,9.50336456298739,-57.9252243042001,1605829468
stairs,-1.6998001098633,4.28246154785159,15.6030654907253,-53.3123016357431,1605846135
stairs,-1.45015106201169,3.4294647216797,8.32271575927468,-18.6624526977566,1605862802
stairs,-1.3169876098633,3.1308654785156,-18.2499885559064,16.0055160522497,1605879469
stairs,-1.6089874267578,3.38695373535159,-36.0498428344744,24.9261856079066,1605896136
stairs,-2.18578491210939,3.7857727050781,-24.676799774169,13.4234428405753,1605912803
stairs,-2.58061370849609,4.0005477905273,-12.8936767578125,-11.2748146057129,1605929470
stairs,-2.78691253662109,3.82015075683589,4.07695770263761,-30.6844711303684,1605946137
stairs,-2.72168121337889,3.32919921875,11.0836029052752,-40.4367446899441,1605962804
stairs,-2.54434356689449,2.68221130371089,12.1827125549308,-39.4315719604439,1605979471
stairs,-2.3494201660156,2.05130615234379,11.3954544067374,-27.844905853275,1605996138
stairs,-2.1670928955078,1.60578765869139,-15.2692794799814,-13.0152702331561,1606012805
stairs,-2.4114013671875,1.3975433349609,-15.6793594360307,-9.45186614989968,1606029472
stairs,-2.66227111816399,1.2463134765625,5.33103942870561,-2.76136398315696,1606046139
stairs,-2.5769744873047,1.20213165283199,4.43315505981889,7.46870040893821,1606062806
stairs,-2.5060440063476,1.321630859375,34.9006652832005,20.1582908630371,1606079473
stairs,-1.94763336181639,1.64416351318359,66.8625831603995,20.9054946899441,1606096140
stairs,-0.87783203125,1.9786514282227,72.6323127746626,15.6135559081996,1606112807
stairs,0.284284973144603,2.22846832275389,70.7187652587873,9.33313369751243,1606129474
stairs,1.4157852172852,2.37779846191409,69.9229240417445,2.50148773193182,1606146141
stairs,2.53455200195311,2.417822265625,46.4968681335494,-13.6132240295437,1606162808
stairs,3.2785018920899,2.2000106811523,31.4393043518066,-27.0085334777814,1606179475
stairs,3.78153076171881,1.7678741455078,49.6201515197745,-39.7658348083505,1606196142
stairs,4.5754531860352,1.13162078857419,48.5486984252939,-46.6084480285618,1606212809
stairs,5.3522323608399,0.385885620117202,29.668807983394,-40.4243469238317,1606229476
stairs,5.8269332885742,-0.260903930664105,34.7261428833061,-39.1669273376438,1606246143
stairs,6.3825515747071,-0.887574768066406,55.7861328125,-40.3604507446316,1606262810
stairs,7.2751296997071,-1.53334197998051,37.4979972839311,-33.5726737976057,1606279477
stairs,7.87509765625,-2.0705047607422,33.5569381713876,-21.6741561889631,1606296144
stairs,8.4120086669922,-2.41729125976561,-0.832557678224433,-11.2352371215811,1606312811
stairs,8.39868774414061,-2.59705505371091,-21.0700035095188,-0.996112823487216,1606329478
stairs,8.06156768798831,-2.6129928588867,-50.0073432922381,8.33702087402521,1606346145
stairs,7.2614501953125,-2.4796005249023,-111.483573913575,11.1646652221626,1606362812
stairs,5.4777130126953,-2.3009658813477,-100.377082824706,8.06140899658736,1606379479
stairs,3.8716796875,-2.1719833374023,-42.7322387695313,3.56864929198686,1606396146
stairs,3.1879638671875,-2.11488494873051,-27.6050567626935,7.92551040649414,1606412813
stairs,2.7462829589844,-1.9880767822266,-51.1484146118191,9.61017608643111,1606429480
stairs,1.9279083251953,-1.83431396484371,-36.9224548339808,52.7000427246067,1606446147
stairs,1.33714904785161,-0.99111328125,-29.8776626586941,86.2135887145996,1606462814
stairs,0.8591064453125,0.388304138183594,-33.509254455562,165.95458984375,1606479481
stairs,0.322958374023509,3.04357757568359,-44.8384284973189,211.860656738281,1606496148
stairs,-0.394456481933593,6.43334808349609,-51.8712997436497,128.808975219725,1606512815
stairs,-1.22439727783199,8.49429168701169,-43.8275337219256,227.0519733429,1606529482
stairs,-1.9256378173828,12.1271232604981,-9.92345809936257,131.431102752681,1606546149
stairs,-2.0844131469726,14.230020904541,-3.86905670166193,-17.1604156494123,1606562816
stairs,-2.14631805419919,13.9554542541504,-70.7483291626003,172.73807525635,1606579483
stairs,-3.27829132080079,16.719263458252,-61.5129470825186,88.69433403015,1606596150
stairs,-4.26249847412109,18.1383728027344,-59.8034858703622,67.3348903655997,1606612817
stairs,-5.21935424804689,19.215731048584,-13.8926506042445,246.763706207275,1606629484
stairs,-5.4416366577148,23.1639503479004,13.8711929321253,216.230869293212,1606646151
stairs,-5.2196975708008,26.6236442565918,23.8709449768066,41.8608188629124,1606662818
stairs,-4.83776245117189,27.2934173583984,-250.208377838131,143.231630325319,1606679485
stairs,-8.84109649658199,29.5851234436035,47.8396415710432,33.1056118011501,1606696152
stairs,-8.0756622314453,30.1148132324219,-44.1741943359375,-82.1511745452876,1606712819
stairs,-8.7824493408203,28.8003944396973,46.0338592529315,-25.8014202117938,1606729486
stairs,-8.04590759277339,28.3875717163086,8.89062881469371,-59.4639778137185,1606746153
stairs,-7.9036575317383,27.4361480712891,-15.5754089355433,-239.495992660525,1606762820
stairs,-8.15286407470699,23.6042121887207,92.819690704343,-274.601936340331,1606779487
stairs,-6.6677490234375,19.2105812072754,137.428760528569,-309.911727905275,1606796154
stairs,-4.4688888549804,14.251993560791,54.2407035827628,-279.808282852169,1606812821
stairs,-3.60103759765619,9.77506103515629,4.55474853515625,-240.162372589112,1606829488
stairs,-3.52816162109369,5.9324630737305,8.34369659423739,-198.985576629638,1606846155
stairs,-3.39466247558589,2.74869384765629,49.2768287658691,-29.6425819396999,1606862822
stairs,-2.60623321533199,2.27441253662109,139.671802520749,15.5191421508816,1606879489
stairs,-0.371484375,2.5227188110352,178.172588348388,112.669944763181,1606896156
stairs,2.4792770385742,4.32543792724609,115.238189697269,42.9944992065439,1606912823
stairs,4.32308807373051,5.0133499145508,55.5109977722186,53.4396171569815,1606929490
stairs,5.21126403808601,5.8683837890625,15.7713890075684,143.225669860837,1606946157
stairs,5.4636062622071,8.1599945068359,60.7275962829563,88.5686874389684,1606962824
stairs,6.4352478027344,9.57709350585939,95.658779144288,-32.9489707946813,1606979491
stairs,7.96578826904301,9.04990997314449,120.922565460206,-124.58324432373,1606996158
stairs,9.90054931640631,7.0565780639648,128.846645355225,159.652709960937,1607012825
stairs,11.9620956420899,9.6110214233398,115.451335906981,-29.088973999019,1607029492
stairs,13.8093170166016,9.1455978393555,35.64453125,-60.2526664733878,1607046159
stairs,14.3796295166016,8.18155517578129,-102.209568023682,-104.269027709963,1607062826
stairs,12.7442764282227,6.51325073242189,-140.626907348631,-70.1656341552743,1607079493
stairs,10.4942459106446,5.3906005859375,-182.904243469244,-31.0821533203125,1607096160
stairs,7.5677780151367,4.8932861328125,-58.6099624633754,53.1902313232431,1607112827
stairs,6.6300186157227,5.74432983398439,30.3773880004883,108.625888824463,1607129494
stairs,7.11605682373051,7.4823440551758,-77.3024559021005,125.358581542969,1607146161
stairs,5.8792175292969,9.4880813598633,-73.0152130126935,96.4453220367436,1607162828
stairs,4.71097412109381,11.0312065124512,-76.7807960510254,55.7568073272687,1607179495
stairs,3.4824813842774,11.9233154296875,-109.984874725344,58.8715076446564,1607196162
stairs,1.7227233886719,12.865259552002,-31.5146446228001,69.7269439697248,1607212829
stairs,1.2184890747071,13.9808906555176,-26.7357826232937,63.2085800170876,1607229496
stairs,0.790716552734404,14.992227935791,-111.273288726806,42.0718193054186,1607246163
stairs,-0.989656066894488,15.6653770446777,-25.9604454040563,79.9210071563751,1607262830
stairs,-1.40502319335939,16.9441131591797,-71.0759162902814,41.0728454589813,1607279497
stairs,-2.54223785400389,17.6012786865234,-133.158683776856,42.4172878265439,1607296164
stairs,-4.67277679443359,18.2799552917481,-96.012115478513,136.80768013,1607312831
stairs,-6.2089706420898,20.4688781738281,-27.2741317749059,87.3641967773437,1607329498
stairs,-6.6453567504883,21.8667053222656,-27.0419120788565,43.8470840454124,1607346165
stairs,-7.07802734375,22.5682586669922,-39.4430160522434,122.266054153444,1607362832
stairs,-7.7091156005859,24.5245155334473,-31.6524505615252,150.449514389038,1607379499
stairs,-8.2155548095703,26.9317077636719,-16.4623260498065,53.9925098419185,1607396166
stairs,-8.4789520263672,27.7955879211426,-9.14669036864968,-125.391244888306,1607412833
stairs,-8.6252990722656,25.7893280029297,20.6632614135751,-165.911436080931,1607429500
stairs,-8.29468688964839,23.1347450256348,19.3414688110316,-189.084768295288,1607446167
stairs,-7.98522338867189,20.1093887329102,21.8462944030806,-269.742727279662,1607462834
stairs,-7.6356826782226,15.7935050964356,28.8624763488752,-270.170211791994,1607479501
stairs,-7.1738830566406,11.4707817077637,42.3030853271502,-176.645517349244,1607496168
stairs,-6.49703369140619,8.6444534301758,60.0905418395996,-135.613441467288,1607512835
stairs,-5.5355850219726,6.47463836669919,88.6449813842756,-130.136489868162,1607529502
stairs,-4.11726531982419,4.39245452880859,68.9158439636248,-68.7718391418439,1607546169
stairs,-3.01461181640619,3.29210510253909,120.578765869137,-17.9553031921431,1607562836
stairs,-1.0853515625,3.0048202514648,150.673389434819,29.6802520751997,1607579503
stairs,1.3254226684571,3.479704284668,199.855804443357,83.4507942199689,1607596170
stairs,4.52311553955081,4.8149169921875,188.022613525393,222.661972045899,1607612837
stairs,7.5314773559571,8.37750854492189,104.175090789794,25.6447792053187,1607629504
stairs,9.19827880859381,8.78782501220699,83.6224555969247,145.658731460575,1607646171
stairs,10.5362380981446,11.1183647155762,71.1126327514631,102.703332901,1607662838
stairs,11.674040222168,12.7616180419922,22.1261978149432,-223.726749420169,1607679505
stairs,12.0280593872071,9.18199005126949,17.3497200012189,122.693061828619,1607696172
stairs,12.3056549072266,11.1450790405274,-71.3119506835937,-69.1442489624063,1607712839
stairs,11.1646636962891,10.0387710571289,-73.0400085449254,146.882772445681,1607729506
stairs,9.9960235595703,12.3888954162598,-67.598342895506,-1.74760818481889,1607746173
stairs,8.9144500732422,12.3609336853027,-54.2535781860369,95.4775810241753,1607762840
stairs,8.04639282226561,13.8885749816895,-83.0788612365687,201.896905899044,1607779507
stairs,6.71713104248051,17.1189254760742,-83.8222503662127,39.4849777221684,1607796174
stairs,5.37597503662111,17.7506851196289,-48.3970642089817,52.4022579193129,1607812841
stairs,4.6016220092774,18.5891212463379,49.9958992004377,71.0260868072496,1607829508
stairs,5.4015563964844,19.7255386352539,-191.605567932132,-45.471668243406,1607846175
stairs,2.3358673095703,18.9979919433594,-110.978603363037,94.0506458282435,1607862842
stairs,0.560209655761705,20.5028022766113,-55.7274818420375,43.5650348663374,1607879509
stairs,-0.331430053710895,21.1998428344727,-21.0137367248562,124.192237854,1607896176
stairs,-0.667649841308593,23.1869186401367,-75.8700370788565,238.664150238038,1607912843
stairs,-1.8815704345703,27.0055450439453,-152.443885803224,115.509271621706,1607929510
stairs,-4.32067260742189,28.8536933898926,-92.0743942260689,151.9181728363,1607946177
stairs,-5.79386291503899,31.2843841552734,8.79621505736861,192.883968353275,1607962844
stairs,-5.65312347412109,34.3705276489258,35.8734130859375,49.5035648345938,1607979511
stairs,-5.07914886474609,35.1625846862793,24.6996879577628,-149.42145347595,1607996178
stairs,-4.68395385742189,32.7718414306641,-11.9185447692818,-141.20173454285,1608012845
stairs,-4.8746505737304,30.5126136779785,-40.5135154724121,-159.568786621094,1608029512
stairs,-5.52286682128899,27.959513092041,-35.5210304260254,-284.508705139156,1608046179
stairs,-6.0912033081054,23.4073738098145,-24.7945785522497,-307.510852813725,1608062846
stairs,-6.48791656494139,18.4872001647949,-2.94733047484996,-205.124378204343,1608079513
stairs,-6.53507385253899,15.2052101135254,40.6122207641557,-206.4733505249,1608096180
stairs,-5.8852783203125,11.901636505127,78.3867835998562,-200.718164443975,1608112847
stairs,-4.6310897827148,8.6901458740234,136.447429656982,-111.044406890869,1608129514
stairs,-2.4479309082031,6.91343536376949,170.534133911131,-79.454898834225,1608146181
stairs,0.280615234375,5.64215698242189,135.833263397219,-105.149745941162,1608162848
stairs,2.45394744873051,3.9597610473633,66.2579536437997,80.6565284729004,1608179515
stairs,3.51407470703131,5.2502655029297,64.9595260620126,139.700412750243,1608196182
stairs,4.55342712402351,7.48547210693359,91.0449028015119,-134.602546691894,1608212849
stairs,6.0101455688477,5.3318313598633,157.5174331665,-42.6054000854501,1608229516
stairs,8.5304244995117,4.65014495849609,252.975463867187,153.610706329344,1608246183
stairs,12.5780319213867,7.1079162597656,188.482761383062,270.257711410525,1608262850
stairs,15.5937561035157,11.432039642334,44.9776649475061,-226.634740829468,1608279517
stairs,16.3133987426758,7.8058837890625,-22.3038196563684,57.8222274780247,1608296184
stairs,15.9565376281739,8.7310394287109,-51.3861179351816,41.4385795593315,1608312851
stairs,15.134359741211,9.3940567016602,-84.5603942871125,-48.9892959594753,1608329518
stairs,13.7813934326172,8.61022796630859,-73.7905502319309,-74.8085975646999,1608346185
stairs,12.6007446289063,7.4132904052734,-42.9091453552255,-57.3697090148872,1608362852
stairs,11.9141983032227,6.4953750610352,-102.540493011475,15.5839920043936,1608379519
stairs,10.2735504150391,6.7447189331055,-59.7100257873562,85.3381156921378,1608396186
stairs,9.31819000244141,8.1101287841797,-81.207275390625,90.1699066162118,1608412853
stairs,8.01887359619141,9.55284729003909,-82.5529098510751,47.7695465087882,1608429520
stairs,6.6980270385742,10.3171600341797,-92.274188995356,39.0079021453871,1608446187
stairs,5.22164001464851,10.9412864685059,-45.1550483703631,-16.6232585906996,1608462854
stairs,4.4991592407227,10.6753143310547,-130.162239074706,-26.6084671020508,1608479521
stairs,2.4165634155274,10.2495788574219,-62.633991241456,44.9452400207502,1608496188
stairs,1.41441955566411,10.9687026977539,-9.79900360107511,-23.0474472045872,1608512855
stairs,1.2576354980469,10.5999435424805,-78.9160728454563,205.094575881956,1608529522
stairs,-0.00502166748039734,13.8814567565918,-60.2006912231499,76.7102241516122,1608546189
stairs,-0.968232727050795,15.1088203430176,-101.037502288818,95.8309173584001,1608562856
stairs,-2.58483276367189,16.642115020752,-101.481914520263,114.315509796137,1608579523
stairs,-4.20854339599609,18.4711631774902,-197.728633880613,99.2186069488565,1608596190
stairs,-7.3722015380859,20.0586608886719,-65.685749053956,171.684980392456,1608612857
stairs,-8.42317352294919,22.8056205749512,53.127288818362,133.277893066406,1608629524
stairs,-7.5731369018554,24.9380668640137,4.08506393432528,-25.737762451175,1608646191
stairs,-7.50777587890619,24.5262626647949,-38.5141372680691,27.0960330963126,1608662858
stairs,-8.1240020751953,24.9597991943359,-56.184768676756,-3.60345840453746,1608679525
stairs,-9.02295837402339,24.9021438598633,-66.5788650512686,9.07349586486861,1608696192
stairs,-10.0882202148437,25.0473197937012,-29.5386314392125,50.5661964416499,1608712859
stairs,-10.5608383178711,25.8563789367676,5.842685699462,-26.3903141021746,1608729526
stairs,-10.4673553466797,25.4341339111328,10.3607177734375,-206.247568130494,1608746193
stairs,-10.3015838623047,22.1341728210449,-15.1667594909624,-265.692949295043,1608762860
stairs,-10.5442520141601,17.8830856323242,-19.1092491149938,-244.483232498169,1608779527
stairs,-10.85,13.9713539123535,3.85093688965021,-230.244874954225,1608796194
stairs,-10.7883850097656,10.2874359130859,23.944377899169,-211.032867431637,1608812861
stairs,-10.4052749633789,6.9109100341797,32.4006080627433,-141.327857971194,1608829528
stairs,-9.886865234375,4.6496643066406,40.2755737304688,-102.010726928707,1608846195
stairs,-9.2424560546875,3.01749267578129,64.9571418762251,-81.0523033142125,1608862862
stairs,-8.2031417846679,1.72065582275389,92.4119949340811,-4.81510162353693,1608879529
stairs,-6.7245498657226,1.6436141967773,156.767845153807,28.1448364257813,1608896196
stairs,-4.21626434326169,2.0939315795898,230.294227600099,26.117324829106,1608912863
stairs,-0.531556701660099,2.5118087768555,136.638164520263,78.7992477417001,1608929530
stairs,1.65465393066411,3.7725967407227,15.6173706054687,177.712917327881,1608946197
stairs,1.90453186035161,6.61600341796879,89.1652107238752,-2.87580490112482,1608962864
stairs,3.33117523193361,6.5699905395508,178.981781005862,45.2747344970685,1608979531
stairs,6.1948837280274,7.29438629150389,200.6664276123,247.135162353519,1608996198
stairs,9.4055465698242,11.2485488891602,217.597961425781,-118.754863739019,1609012865
stairs,12.8871139526367,9.3484710693359,242.626905441287,-36.0035896301252,1609029532
stairs,16.7691444396973,8.77241363525389,183.024406433106,130.102634429932,1609046199
stairs,19.697534942627,10.8540557861328,11.1804008483878,-11.6896629333505,1609062866
stairs,19.8764213562012,10.6670211791992,-167.233705520631,14.972209930419,1609079533
stairs,17.2006820678711,10.9065765380859,-204.613685607906,-8.49151611328125,1609096200
stairs,13.9268630981446,10.7707122802734,-170.597553253175,-46.9532012939435,1609112867
stairs,11.1973022460938,10.0194610595703,-144.599914550781,-80.8873176574689,1609129534
stairs,8.88370361328131,8.7252639770508,-126.480579376225,-52.7267456054688,1609146201
stairs,6.8600143432617,7.8816360473633,-102.264404296875,18.1107521057129,1609162868
stairs,5.2237838745117,8.1714080810547,-117.490768432613,73.9159584045375,1609179535
stairs,3.3439315795899,9.3540634155273,-99.6532440185556,119.697809219362,1609196202
stairs,1.74947967529301,11.2692283630371,-31.6853523254377,99.4360446929936,1609212869
stairs,1.24251403808601,12.860205078125,-48.0332374572754,60.8375072479253,1609229536
stairs,0.473982238769603,13.8336051940918,-141.743183135987,52.5684356689435,1609246203
stairs,-1.79390869140619,14.6747001647949,-0.192642211918503,90.4736518859876,1609262870
stairs,-1.79699096679689,16.1222785949707,107.044219970706,71.1810588836688,1609279537
stairs,-0.0842834472655962,17.2611755371094,-166.8176651001,98.4697341918936,1609296204
stairs,-2.7533660888672,18.8366912841797,-64.6815299987748,22.386550903319,1609312871
stairs,-3.7882705688476,19.1948760986328,-62.8113746643058,123.944997787475,1609329538
stairs,-4.79325256347649,21.1779960632324,-23.5357284545943,178.071737289431,1609346205
stairs,-5.16982421875,24.0271438598633,0.249862670900214,311.201333999631,1609362872
stairs,-5.1658264160156,29.0063652038574,-105.920791625975,123.3811378479,1609379539
stairs,-6.86055908203119,30.9804634094238,-89.3621444702193,68.401336669925,1609396206
stairs,-8.2903533935547,32.0748847961426,79.9679756164569,26.6003608703627,1609412873
stairs,-7.01086578369139,32.5004905700684,-12.0153427124006,-87.7230167388938,1609429540
stairs,-7.2031112670898,31.0969223022461,-7.90023803711204,-138.316869735719,1609446207
stairs,-7.32951507568359,28.8838523864746,-5.9442520141566,-203.500986099244,1609462874
stairs,-7.4246231079101,25.6278366088867,-48.0818748474121,-191.067457199094,1609479541
stairs,-8.19393310546869,22.5707572937012,-47.209739685063,-218.09458732605,1609496208
stairs,-8.9492889404297,19.0812438964844,-44.5737838745117,-253.415822982787,1609512875
stairs,-9.66246948242189,15.0265907287598,-23.7946510314941,-186.128854751587,1609529542
stairs,-10.0431838989258,12.0485290527344,20.5655097961435,-140.925407409668,1609546209
stairs,-9.7141357421875,9.7937225341797,10.4751586914062,-55.4251670837438,1609562876
stairs,-9.546533203125,8.9069198608398,24.9457359314,-19.2766189575195,1609579543
stairs,-9.1474014282226,8.59849395751949,83.740234375,1.21355056763139,1609596210
stairs,-7.8075576782226,8.61791076660159,102.928161621094,-12.2656822204625,1609612877
stairs,-6.1607070922851,8.42165985107419,84.5990180969194,-20.9021568298313,1609629544
stairs,-4.80712280273439,8.08722534179689,44.3754196166992,93.1015014648437,1609646211
stairs,-4.0971160888672,9.57684936523439,15.5134201049814,104.700565338132,1609662878
stairs,-3.8489013671875,11.2520584106445,-21.1515426635751,-139.539241790768,1609679545
stairs,-4.1873260498047,9.0194305419922,-75.3202438354492,-131.473064422607,1609696212
stairs,-5.39244995117189,6.9158615112305,-105.978012084957,130.369186401363,1609712879
stairs,-7.08809814453119,9.0017684936523,-26.060104370119,21.7180252075249,1609729546
stairs,-7.5050598144531,9.3492568969727,64.8679733276376,-124.683380126957,1609746213
stairs,-6.4671722412109,7.35432281494139,86.5049362182626,-113.676548004149,1609762880
stairs,-5.08309326171869,5.535498046875,52.4144172668439,-145.742416381838,1609779547
stairs,-4.24446258544919,3.2036193847656,25.7143974304181,-103.750705718994,1609796214
stairs,-3.8330322265625,1.54360809326169,22.4041938781756,-89.845657348631,1609812881
stairs,-3.47456512451169,0.106077575683594,37.8999710082999,-77.9309272766122,1609829548
stairs,-2.86816558837889,-1.1408172607422,41.3060188293439,-93.1816101074192,1609846215
stairs,-2.20726928710939,-2.63172302246091,61.9974136352557,-79.7104835510245,1609862882
stairs,-1.2153106689453,-3.9070907592773,100.822925567625,-64.2623901367187,1609879549
stairs,0.397856140136705,-4.9352890014648,111.26708984375,-46.7548370361381,1609896216
stairs,2.1781295776367,-5.68336639404301,180.639743804932,-46.8473434448242,1609912883
